Timestamp,Output Angle [deg],Motor Angle [deg],Calibrated Motor Angle [deg],Angular Velocity [rad/s],Target Torque [Nm],Current Torque [Nm],Is Holding
1752495149.035339,-40.01166666666666,1324.4769970244909,-240.07,0.0,-0.4730457387399679,-0.42574116486597113,False
1752495149.0467796,180.7344995040818,1324.4769970244909,1084.406997024491,342.3497706930012,-17.12692017539665,-15.45680227434358,False
1752495149.0576622,180.7344995040818,1324.2462806134129,1084.406997024491,0.0,0.0,-1.5456802274343584,True
1752495149.0686226,180.69604676890216,1323.916685740444,1084.176280613413,-0.06180774146920856,0.0,-0.15456802274343584,True
1752495149.0795808,180.64111429007403,1323.5541313801787,1083.8466857404442,-0.08716375759759458,0.0,-0.015456802274343567,True
1752495149.0908098,180.5806885633631,1322.0709544518197,1083.4841313801787,-0.09408550361456813,0.0,-0.0015456802274343567,True
1752495149.101611,180.33349240863663,1318.7090867475397,1082.0009544518198,-0.3952698675308849,0.0,-0.00015456802274343572,True
1752495149.1126196,179.77318112458997,1314.6221103227283,1078.6390867475397,-0.9102001499861876,0.0,-1.5456802274343566e-05,False
1752495149.1236691,179.09201838712139,1310.5680933852138,1074.5521103227284,-1.06426737805184,0.06487250882383873,0.058383712261227426,False
1752495149.134929,178.41634889753564,1306.7447928587776,1070.498093385214,-1.0689861566497378,0.07378279409899778,0.07224288591522074,False
1752495149.1464138,177.7791321431296,1303.8113984893569,1066.6747928587777,-0.9576489324255282,0.07639404733735902,0.07597893119514519,False
1752495149.157563,177.29023308155948,1303.0862897688257,1063.741398489357,-0.7484695739001874,0.0722073296079083,0.07258448976663198,False
1752495149.1684299,177.16938162813764,1304.1739528496223,1063.0162897688258,-0.19520873576521855,0.046094358836643694,0.04874337192964252,False
1752495149.1795764,177.3506588082704,1306.3163195239185,1064.1039528496224,0.2848129516733978,0.01976810929848477,0.022665635561600544,False
1752495149.1904674,177.7077199206531,1309.4804303044175,1066.2463195239186,0.5740676824861145,0.0007245283181757864,0.0029186390425182604,False
1752495149.2013717,178.23507171740292,1313.5674067292287,1069.4104303044176,0.8468866177808255,-0.019684012011653592,-0.017423746906236406,False
1752495149.2128084,178.91623445487144,1318.7090867475397,1073.4974067292287,1.0449312544815017,-0.03833047747955114,-0.03623980442221966,False
1752495149.2239218,179.77318112458997,1323.7518883039597,1078.6390867475397,1.342872296382401,-0.06423098228113783,-0.061431864495246014,False
1752495149.234885,180.61364805065998,1326.9819180590525,1083.6818883039598,1.3263320112629833,-0.07419646406354963,-0.07292000410671927,False
1752495149.2461066,181.15198634317542,1327.608148317693,1086.9119180590526,0.8323035243885727,-0.05640713568199532,-0.05805842252446771,False
1752495149.2572958,181.25635805294883,1326.4545662623027,1087.538148317693,0.16430058099152112,0.0,-0.00580584225244677,True
1752495149.2681627,181.06409437705045,1324.3781185626003,1086.3845662623028,-0.30575577530131515,0.0,-0.0005805842252446765,True
1752495149.2792225,180.7180197604334,1321.9061570153353,1084.3081185626004,-0.5579849289166471,0.0,-5.805842252446761e-05,True
1752495149.2901149,180.30602616922258,1318.8738841840238,1081.8361570153354,-0.651412550502663,0.0,-5.805842252446758e-06,True
1752495149.3012037,179.800647364004,1316.105287251087,1078.803884184024,-0.7871313291678105,0.0,-5.805842252446755e-07,False
1752495149.3121836,179.33921454184784,1314.424353398947,1076.035287251087,-0.7397761686518487,0.04547393818576626,0.040926486308767114,False
1752495149.3235145,179.05905889982452,1313.0730144197755,1074.354353398947,-0.43303694635742923,0.033734173487156904,0.03445340476931792,False
1752495149.3346364,178.83383573662925,1312.6445410849165,1073.0030144197756,-0.35269278932826514,0.03260862403527318,0.032793102108677655,False
1752495149.345803,178.76242351415274,1313.7322041657128,1072.5745410849165,-0.11161215132560257,0.021471413244074537,0.022603582130534847,False
1752495149.3570013,178.94370069428547,1315.1824216067748,1073.6622041657129,0.28373508354318794,-0.0006233085446740502,0.001699380522846839,False
1752495149.3682113,179.18540360112914,1318.379491874571,1075.112421606775,0.3739084087351426,-0.008235328705583236,-0.007241857782740229,False
1752495149.3792357,179.71824864576183,1322.2027924010072,1078.309491874571,0.8397547810678686,-0.03836971124800136,-0.03525692590147525,False
1752495149.3902962,180.35546540016787,1325.630579079881,1082.1327924010072,1.0213272502013766,-0.0556309568424102,-0.0535935537483167,False
1752495149.4010997,180.92676317998018,1327.7399862668804,1085.560579079881,0.905227695894609,-0.057161672787357974,-0.05680486088345385,False
1752495149.4118614,181.27833104448007,1328.333257038224,1087.6699862668804,0.5753061299493016,0.0,-0.005680486088345385,True
1752495149.4231424,181.3772095063707,1327.9377431906616,1088.263257038224,0.15577377326220354,0.0,-0.0005680486088345382,True
1752495149.4344246,181.31129053177696,1326.9489585717556,1087.8677431906617,-0.10029013110222541,0.0,-5.680486088345375e-05,True
1752495149.4453607,181.1464930952926,1325.2021057450218,1086.8789585717557,-0.261712510202433,0.0,-5.680486088345376e-06,True
1752495149.456447,180.85535095750365,1324.0814831769285,1085.1321057450218,-0.4604409300648381,0.0,-5.680486088345371e-07,True
1752495149.4677136,180.66858052948808,1324.2462806134129,1084.0114831769286,-0.2891675447949406,0.0,-5.680486088345365e-08,True
1752495149.4787998,180.69604676890216,1324.4769970244909,1084.176280613413,0.04325280683182841,0.0,-5.680486088345362e-09,True
1752495149.490043,180.7344995040818,1324.444037537194,1084.406997024491,0.060030922132864845,0.0,-5.680486088345357e-10,True
1752495149.50106,180.729006256199,1324.444037537194,1084.374037537194,-0.008736828289430556,0.0,-5.6804860883453594e-11,True
1752495149.511979,180.729006256199,1324.444037537194,1084.374037537194,0.0,0.0,-5.680486088345361e-12,True
1752495149.52296,180.729006256199,1324.444037537194,1084.374037537194,0.0,0.0,-5.680486088345359e-13,True
1752495149.5341287,180.729006256199,1324.444037537194,1084.374037537194,0.0,0.0,-5.680486088345361e-14,True
1752495149.5451272,180.729006256199,1324.444037537194,1084.374037537194,0.0,0.0,-5.680486088345361e-15,True
1752495149.5562887,180.729006256199,1324.444037537194,1084.374037537194,0.0,0.0,-5.680486088345358e-16,True
1752495149.5674293,180.729006256199,1324.444037537194,1084.374037537194,0.0,0.0,-5.680486088345358e-17,True
1752495149.5783684,180.729006256199,1324.444037537194,1084.374037537194,0.0,0.0,-5.680486088345359e-18,True
1752495149.5897958,180.729006256199,1324.444037537194,1084.374037537194,0.0,0.0,-5.680486088345359e-19,True
1752495149.600711,180.729006256199,1324.444037537194,1084.374037537194,0.0,0.0,-5.680486088345359e-20,True
1752495149.6118274,180.729006256199,1324.444037537194,1084.374037537194,0.0,0.0,-5.6804860883453604e-21,True
1752495149.6229048,180.729006256199,1324.444037537194,1084.374037537194,0.0,0.0,-5.68048608834536e-22,True
1752495149.634187,180.729006256199,1324.444037537194,1084.374037537194,0.0,0.0,-5.68048608834536e-23,True
1752495149.6451783,180.729006256199,1324.444037537194,1084.374037537194,0.0,0.0,-5.680486088345359e-24,True
1752495149.6562822,180.729006256199,1324.444037537194,1084.374037537194,0.0,0.0,-5.680486088345361e-25,True
1752495149.667191,180.729006256199,1324.4769970244909,1084.374037537194,0.0,0.0,-5.680486088345359e-26,True
1752495149.6780071,180.7344995040818,1324.4769970244909,1084.406997024491,0.008874690935681943,0.0,-5.6804860883453566e-27,True
1752495149.689331,180.7344995040818,1324.4769970244909,1084.406997024491,0.0,0.0,-5.680486088345355e-28,True
1752495149.7002554,180.7344995040818,1324.4769970244909,1084.406997024491,0.0,0.0,-5.680486088345352e-29,True
1752495149.7111602,180.7344995040818,1324.4769970244909,1084.406997024491,0.0,0.0,-5.680486088345347e-30,True
1752495149.7224522,180.7344995040818,1324.4769970244909,1084.406997024491,0.0,0.0,-5.680486088345347e-31,True
1752495149.7336583,180.7344995040818,1324.4769970244909,1084.406997024491,0.0,0.0,-5.680486088345347e-32,True
1752495149.7452598,180.7344995040818,1324.4769970244909,1084.406997024491,0.0,0.0,-5.680486088345349e-33,True
1752495149.7570674,180.7344995040818,1324.4769970244909,1084.406997024491,0.0,0.0,-5.6804860883453465e-34,True
1752495149.7681935,180.7344995040818,1324.4769970244909,1084.406997024491,0.0,0.0,-5.680486088345345e-35,True
1752495149.7796288,180.7344995040818,1324.4769970244909,1084.406997024491,0.0,0.0,-5.680486088345347e-36,True
1752495149.7909212,180.7344995040818,1324.4769970244909,1084.406997024491,0.0,0.0,-5.680486088345346e-37,True
1752495149.802056,180.7344995040818,1324.4769970244909,1084.406997024491,0.0,0.0,-5.680486088345344e-38,True
1752495149.8134422,180.7344995040818,1324.4769970244909,1084.406997024491,0.0,0.0,-5.680486088345342e-39,True
1752495149.8246222,180.7344995040818,1324.4769970244909,1084.406997024491,0.0,0.0,-5.6804860883453406e-40,True
1752495149.8357127,180.7344995040818,1324.4769970244909,1084.406997024491,0.0,0.0,-5.680486088345341e-41,True
1752495149.8466582,180.7344995040818,1324.4769970244909,1084.406997024491,0.0,0.0,-5.6804860883453426e-42,True
1752495149.8576624,180.7344995040818,1324.4769970244909,1084.406997024491,0.0,0.0,-5.680486088345341e-43,True
1752495149.8691313,180.7344995040818,1324.4769970244909,1084.406997024491,0.0,0.0,-5.680486088345343e-44,True
1752495149.8803318,180.7344995040818,1324.4769970244909,1084.406997024491,0.0,0.0,-5.680486088345341e-45,True
1752495149.8914337,180.7344995040818,1324.4769970244909,1084.406997024491,0.0,0.0,-5.6804860883453384e-46,True
1752495149.9027183,180.7344995040818,1324.4769970244909,1084.406997024491,0.0,0.0,-5.68048608834534e-47,True
1752495149.9136853,180.7344995040818,1324.4769970244909,1084.406997024491,0.0,0.0,-5.68048608834534e-48,True
1752495149.924878,180.7344995040818,1324.4769970244909,1084.406997024491,0.0,0.0,-5.680486088345341e-49,True
1752495149.9359732,180.7344995040818,1324.4769970244909,1084.406997024491,0.0,0.0,-5.680486088345337e-50,True
1752495149.9469702,180.7344995040818,1324.4769970244909,1084.406997024491,0.0,0.0,-5.680486088345331e-51,True
1752495149.958119,180.7344995040818,1324.4769970244909,1084.406997024491,0.0,0.0,-5.680486088345331e-52,True
1752495149.9689612,180.7344995040818,1324.4769970244909,1084.406997024491,0.0,0.0,-5.680486088345328e-53,True
1752495149.9797611,180.7344995040818,1324.4769970244909,1084.406997024491,0.0,0.0,-5.68048608834533e-54,True
1752495149.9909747,180.7344995040818,1324.4769970244909,1084.406997024491,0.0,0.0,-5.68048608834533e-55,True
1752495150.002222,180.7344995040818,1324.4769970244909,1084.406997024491,0.0,0.0,-5.68048608834533e-56,True
1752495150.013105,180.7344995040818,1324.4769970244909,1084.406997024491,0.0,0.0,-5.68048608834533e-57,True
1752495150.02388,180.7344995040818,1324.4769970244909,1084.406997024491,0.0,0.0,-5.680486088345323e-58,True
1752495150.0346355,180.7344995040818,1324.4769970244909,1084.406997024491,0.0,0.0,-5.68048608834532e-59,True
1752495150.0456936,180.7344995040818,1324.4769970244909,1084.406997024491,0.0,0.0,-5.68048608834532e-60,True
1752495150.0568438,180.7344995040818,1324.4769970244909,1084.406997024491,0.0,0.0,-5.6804860883453136e-61,True
1752495150.067675,180.7344995040818,1324.4769970244909,1084.406997024491,0.0,0.0,-5.680486088345312e-62,True
1752495150.0787992,180.7344995040818,1324.4769970244909,1084.406997024491,0.0,0.0,-5.680486088345307e-63,True
1752495150.0897493,180.7344995040818,1324.4769970244909,1084.406997024491,0.0,0.0,-5.680486088345303e-64,True
1752495150.1005878,180.7344995040818,1324.4769970244909,1084.406997024491,0.0,0.0,-5.680486088345303e-65,True
1752495150.1116533,180.7344995040818,1324.4769970244909,1084.406997024491,0.0,0.0,-5.680486088345304e-66,True
1752495150.123315,180.7344995040818,1324.4769970244909,1084.406997024491,0.0,0.0,-5.6804860883453044e-67,True
1752495150.1345282,180.7344995040818,1324.4769970244909,1084.406997024491,0.0,0.0,-5.680486088345306e-68,True
1752495150.1458707,180.7344995040818,1324.4769970244909,1084.406997024491,0.0,0.0,-5.680486088345306e-69,True
1752495150.1572096,180.7344995040818,1324.4769970244909,1084.406997024491,0.0,0.0,-5.680486088345306e-70,True
1752495150.1683803,180.7344995040818,1324.4769970244909,1084.406997024491,0.0,0.0,-5.6804860883453044e-71,True
1752495150.1794436,180.7344995040818,1324.4769970244909,1084.406997024491,0.0,0.0,-5.680486088345304e-72,True
1752495150.1907444,180.7344995040818,1324.4769970244909,1084.406997024491,0.0,0.0,-5.680486088345302e-73,True
1752495150.2015111,180.7344995040818,1324.4769970244909,1084.406997024491,0.0,0.0,-5.680486088345299e-74,True
1752495150.212553,180.7344995040818,1324.4769970244909,1084.406997024491,0.0,0.0,-5.680486088345297e-75,True
1752495150.2237241,180.7344995040818,1324.4769970244909,1084.406997024491,0.0,0.0,-5.680486088345293e-76,True
1752495150.2348373,180.7344995040818,1324.4769970244909,1084.406997024491,0.0,0.0,-5.6804860883452895e-77,True
1752495150.246018,180.7344995040818,1324.4769970244909,1084.406997024491,0.0,0.0,-5.680486088345286e-78,True
1752495150.2573748,180.7344995040818,1324.4769970244909,1084.406997024491,0.0,0.0,-5.680486088345281e-79,True
1752495150.2685099,180.7344995040818,1324.4769970244909,1084.406997024491,0.0,0.0,-5.6804860883452794e-80,True
1752495150.2793717,180.7344995040818,1324.4769970244909,1084.406997024491,0.0,0.0,-5.680486088345276e-81,True
1752495150.290377,180.7344995040818,1324.4769970244909,1084.406997024491,0.0,0.0,-5.680486088345271e-82,True
1752495150.3016977,180.7344995040818,1324.4769970244909,1084.406997024491,0.0,0.0,-5.6804860883452685e-83,True
1752495150.312776,180.7344995040818,1324.4769970244909,1084.406997024491,0.0,0.0,-5.68048608834527e-84,True
1752495150.3235908,180.7344995040818,1324.4769970244909,1084.406997024491,0.0,0.0,-5.680486088345266e-85,True
1752495150.3346515,180.7344995040818,1324.4769970244909,1084.406997024491,0.0,0.0,-5.680486088345266e-86,True
1752495150.345748,180.7344995040818,1324.4769970244909,1084.406997024491,0.0,0.0,-5.680486088345266e-87,True
1752495150.3567448,180.7344995040818,1324.4769970244909,1084.406997024491,0.0,0.0,-5.680486088345261e-88,True
1752495150.3675063,180.7344995040818,1324.4769970244909,1084.406997024491,0.0,0.0,-5.6804860883452565e-89,True
1752495150.378737,180.7344995040818,1324.4769970244909,1084.406997024491,0.0,0.0,-5.680486088345258e-90,True
1752495150.3901236,180.7344995040818,1324.4769970244909,1084.406997024491,0.0,0.0,-5.680486088345256e-91,True
1752495150.4012961,180.7344995040818,1324.4769970244909,1084.406997024491,0.0,0.0,-5.680486088345256e-92,True
1752495150.4125788,180.7344995040818,1324.4769970244909,1084.406997024491,0.0,0.0,-5.6804860883452575e-93,True
1752495150.4234746,180.7344995040818,1324.4769970244909,1084.406997024491,0.0,0.0,-5.680486088345257e-94,True
1752495150.4344065,180.7344995040818,1324.4769970244909,1084.406997024491,0.0,0.0,-5.6804860883452575e-95,True
1752495150.4453647,180.7344995040818,1324.4769970244909,1084.406997024491,0.0,0.0,-5.680486088345259e-96,True
1752495150.4566233,180.7344995040818,1324.4769970244909,1084.406997024491,0.0,0.0,-5.680486088345259e-97,True
1752495150.46746,180.7344995040818,1324.4769970244909,1084.406997024491,0.0,0.0,-5.680486088345259e-98,True
1752495150.4786072,180.7344995040818,1324.4769970244909,1084.406997024491,0.0,0.0,-5.68048608834526e-99,True
1752495150.489731,180.7344995040818,1324.4769970244909,1084.406997024491,0.0,0.0,-5.680486088345262e-100,True
1752495150.5005958,180.7344995040818,1324.4769970244909,1084.406997024491,0.0,0.0,-5.6804860883452556e-101,True
1752495150.511893,180.7344995040818,1324.4769970244909,1084.406997024491,0.0,0.0,-5.680486088345252e-102,True
1752495150.5234606,180.7344995040818,1324.4769970244909,1084.406997024491,0.0,0.0,-5.68048608834525e-103,True
1752495150.5348747,180.7344995040818,1324.4769970244909,1084.406997024491,0.0,0.0,-5.680486088345248e-104,True
1752495150.5457132,180.7344995040818,1324.4769970244909,1084.406997024491,0.0,0.0,-5.6804860883452446e-105,True
1752495150.55679,180.7344995040818,1324.4769970244909,1084.406997024491,0.0,0.0,-5.680486088345241e-106,True
1752495150.5679858,180.7344995040818,1324.4769970244909,1084.406997024491,0.0,0.0,-5.68048608834524e-107,True
1752495150.5790048,180.7344995040818,1324.4769970244909,1084.406997024491,0.0,0.0,-5.6804860883452395e-108,True
1752495150.5899734,180.7344995040818,1324.4769970244909,1084.406997024491,0.0,0.0,-5.6804860883452365e-109,True
1752495150.6008317,180.7344995040818,1324.4769970244909,1084.406997024491,0.0,0.0,-5.680486088345233e-110,True
1752495150.6115777,180.7344995040818,1324.4769970244909,1084.406997024491,0.0,0.0,-5.68048608834523e-111,True
1752495150.6228437,180.7344995040818,1324.4769970244909,1084.406997024491,0.0,0.0,-5.68048608834523e-112,True
1752495150.6338222,180.7344995040818,1324.4769970244909,1084.406997024491,0.0,0.0,-5.680486088345228e-113,True
1752495150.6450355,180.7344995040818,1324.4769970244909,1084.406997024491,0.0,0.0,-5.68048608834523e-114,True
1752495150.65617,180.7344995040818,1324.4769970244909,1084.406997024491,0.0,0.0,-5.680486088345225e-115,True
1752495150.6669385,180.7344995040818,1324.4769970244909,1084.406997024491,0.0,0.0,-5.680486088345225e-116,True
1752495150.678299,180.7344995040818,1324.4769970244909,1084.406997024491,0.0,0.0,-5.680486088345221e-117,True
1752495150.6894538,180.7344995040818,1324.4769970244909,1084.406997024491,0.0,0.0,-5.680486088345221e-118,True
1752495150.700929,180.7344995040818,1324.4769970244909,1084.406997024491,0.0,0.0,-5.680486088345221e-119,True
1752495150.7122653,180.7344995040818,1324.4769970244909,1084.406997024491,0.0,0.0,-5.680486088345223e-120,True
1752495150.7235315,180.7344995040818,1324.4769970244909,1084.406997024491,0.0,0.0,-5.680486088345224e-121,True
1752495150.7343,180.7344995040818,1324.5099565117878,1084.406997024491,0.0,0.0,-5.680486088345219e-122,True
1752495150.7452202,180.73999275196465,1324.5099565117878,1084.4399565117878,0.008799343450276153,0.0,-5.680486088345219e-123,True
1752495150.756415,180.73999275196465,1324.5099565117878,1084.4399565117878,0.0,0.0,-5.6804860883452206e-124,True
1752495150.767504,180.73999275196465,1324.5099565117878,1084.4399565117878,0.0,0.0,-5.680486088345219e-125,True
1752495150.7786689,180.73999275196465,1324.5099565117878,1084.4399565117878,0.0,0.0,-5.680486088345217e-126,True
1752495150.7898042,180.73999275196465,1324.5099565117878,1084.4399565117878,0.0,0.0,-5.680486088345217e-127,True
1752495150.8011572,180.73999275196465,1324.5099565117878,1084.4399565117878,0.0,0.0,-5.680486088345215e-128,True
1752495150.8122091,180.73999275196465,1324.5099565117878,1084.4399565117878,0.0,0.0,-5.680486088345211e-129,True
1752495150.8234744,180.73999275196465,1324.5099565117878,1084.4399565117878,0.0,0.0,-5.68048608834521e-130,True
1752495150.8346052,180.73999275196465,1324.4769970244909,1084.4399565117878,0.0,0.0,-5.680486088345211e-131,True
1752495150.8454657,180.7344995040818,1324.4769970244909,1084.406997024491,-0.008810332267327305,0.0,-5.680486088345207e-132,True
1752495150.856564,180.7344995040818,1324.4769970244909,1084.406997024491,0.0,0.0,-5.680486088345209e-133,True
1752495150.8675303,180.7344995040818,1324.4769970244909,1084.406997024491,0.0,0.0,-5.680486088345207e-134,True
1752495150.8783493,180.7344995040818,1324.444037537194,1084.406997024491,0.0,0.0,-5.680486088345205e-135,True
1752495150.8895588,180.729006256199,1324.444037537194,1084.374037537194,-0.008670331946477365,0.0,-5.680486088345203e-136,True
1752495150.900725,180.729006256199,1324.4769970244909,1084.374037537194,0.0,0.0,-5.680486088345201e-137,True
1752495150.9116366,180.7344995040818,1324.4769970244909,1084.406997024491,0.008756995615897305,0.0,-5.680486088345201e-138,True
1752495150.9229362,180.7344995040818,1324.4769970244909,1084.406997024491,0.0,0.0,-5.680486088345199e-139,True
1752495150.9340703,180.7344995040818,1324.4769970244909,1084.406997024491,0.0,0.0,-5.680486088345194e-140,True
1752495150.945316,180.7344995040818,1324.4769970244909,1084.406997024491,0.0,0.0,-5.68048608834519e-141,True
1752495150.9563162,180.7344995040818,1324.5099565117878,1084.406997024491,0.0,0.0,-5.680486088345187e-142,True
1752495150.9672284,180.73999275196465,1324.5099565117878,1084.4399565117878,0.008640895519309385,0.0,-5.680486088345184e-143,True
1752495150.9781127,180.73999275196465,1324.5099565117878,1084.4399565117878,0.0,0.0,-5.680486088345184e-144,True
1752495150.9893208,180.73999275196465,1324.5099565117878,1084.4399565117878,0.0,0.0,-5.680486088345182e-145,True
1752495151.0002387,180.73999275196465,1324.4769970244909,1084.4399565117878,0.0,0.0,-5.680486088345179e-146,True
1752495151.0115638,180.7344995040818,1324.444037537194,1084.406997024491,-0.008760811217132965,0.0,-5.680486088345177e-147,True
1752495151.0228295,180.729006256199,1324.3781185626003,1084.374037537194,-0.008429514635313284,0.0,-5.6804860883451795e-148,True
1752495151.0336792,180.7180197604334,1324.2792401007096,1084.3081185626004,-0.01729963414389444,0.0,-5.680486088345178e-149,True
1752495151.044614,180.70154001678495,1324.180361638819,1084.2092401007096,-0.026764059612445875,0.0,-5.680486088345176e-150,True
1752495151.0563073,180.68506027313651,1324.0485236896316,1084.110361638819,-0.024777464869459944,0.0,-5.6804860883451785e-151,True
1752495151.0671804,180.66308728160527,1323.8837262531472,1083.9785236896316,-0.03450426836640123,0.0,-5.680486088345176e-152,True
1752495151.0780134,180.63562104219122,1323.5541313801787,1083.8137262531473,-0.04452970961797999,0.0,-5.680486088345176e-153,True
1752495151.0896275,180.5806885633631,1322.235751888304,1083.4841313801787,-0.08446512123260651,0.0,-5.680486088345178e-154,True
1752495151.1008532,180.36095864805068,1319.1375600823987,1082.1657518883042,-0.3333029388116616,0.0,-5.680486088345178e-155,True
1752495151.1120892,179.84459334706648,1315.3142595559623,1079.0675600823988,-0.8110590823835909,0.0,-5.680486088345175e-156,False
1752495151.1231782,179.20737659266038,1310.9306477454795,1075.2442595559623,-0.9964982482418919,0.060002871001077165,0.05400258390096945,False
1752495151.1344347,178.4767746242466,1305.6241702906843,1070.8606477454796,-1.1218309265850614,0.075649375343796,0.07348469619951334,False
1752495151.145252,177.59236171511407,1299.4277866788739,1065.5541702906844,-1.4304036344809976,0.10242819284580414,0.09953384318117506,False
1752495151.1566162,176.55963111314566,1293.7587548638132,1059.357786678874,-1.6033007271465076,0.12431716476237388,0.121838832604254,False
1752495151.1678748,175.61479247730222,1288.0238040741588,1053.6887548638133,-1.4865854075336837,0.13058589923685374,0.12971119257359376,False
1752495151.178922,174.65896734569313,1282.2558937972076,1047.9538040741588,-1.4695387753113176,0.14196323928431365,0.14073803461324166,False
1752495151.190013,173.69764896620129,1275.861753261616,1042.1858937972077,-1.5211782725205376,0.15682594085931528,0.15521715023470792,False
1752495151.2008874,172.631958876936,1268.8743419546809,1035.7917532616161,-1.7022675415391464,0.17946774838184407,0.17704268856713046,False
1752495151.2119012,171.46739032578014,1261.4584573128864,1028.804341954681,-1.8611033048086238,0.2022200715476768,0.19970233324962217,False
1752495151.222794,170.23140955214774,1253.317463950561,1021.3884573128864,-1.9648898763716325,0.22307866135998344,0.2207410285489473,False
1752495151.2340684,168.8745773250935,1244.5172808422979,1013.247463950561,-2.099917736406739,0.24696426173368707,0.2443419384152131,False
1752495151.2449439,167.40788014038299,1234.761272602426,1004.4472808422979,-2.3650537214319756,0.2786528204854582,0.27522173227843366,False
1752495151.2565656,165.78187876707102,1224.6756694895857,994.6912726024261,-2.4860166817079565,0.30501132362738725,0.3020323644924919,False
1752495151.2678914,164.10094491493098,1213.1068894483863,984.6056694895858,-2.535268227232122,0.3283172368159315,0.3256887495835875,False
1752495151.2787645,162.1728149080644,1200.7800411993592,973.0368894483863,-3.077861019262815,0.3791407259034115,0.37379552827142914,False
1752495151.2899954,160.1183401998932,1188.3543144884413,960.7100411993592,-3.209556720863125,0.41069062883075874,0.4070011187748258,False
1752495151.3009937,158.04738574807357,1175.005722133211,948.2843144884414,-3.3080147585579938,0.44045326022201414,0.4371080460772953,False
1752495151.312222,155.82262035553518,1161.5582513160905,934.9357221332111,-3.419544549287046,0.47231312905892253,0.4687926207607598,False
1752495151.3233638,153.58137521934842,1147.0560769054703,921.4882513160906,-3.5307962089162337,0.503894349729056,0.5003841768322264,False
1752495151.3344846,151.1643461509117,1132.586861982147,906.9860769054703,-3.775062899457194,0.5436045505934717,0.5392825132173471,False
1752495151.3455837,148.75281033035785,1117.4584573128864,892.516861982147,-3.8347177882935326,0.5733924614313426,0.5699814666099431,False
1752495151.356594,146.23140955214774,1102.2641336690317,877.3884573128864,-3.966085820825743,0.6072635608605421,0.6035353514354822,False
1752495151.3674448,143.69902227817195,1087.0368505378806,862.1941336690318,-4.058717635616081,0.6385196965937014,0.6350212620778796,False
1752495151.3785634,141.16114175631344,1071.9743648432136,846.9668505378806,-4.066008447921661,0.6647129514742877,0.6617437825346468,False
1752495151.389601,138.65072747386895,1056.9777981231402,831.9043648432137,-3.9112375606362724,0.6816332664477953,0.6796443180564805,False
1752495151.4008837,136.15129968719006,1041.3220416571298,816.9077981231403,-3.8791771372507524,0.7036543826587237,0.7012533761984994,False
1752495151.412083,133.54200694285498,1025.7651636530097,801.2520416571299,-4.044117292221986,0.7355286010275259,0.7321010785446233,False
1752495151.4232023,130.9491939421683,1010.2742046234837,785.6951636530098,-4.0973438813401595,0.760572571315729,0.7577254220386184,False
1752495151.4344292,128.36736743724728,995.0798809796291,770.2042046234837,-4.1287349098422395,0.7832994009528135,0.780742003061394,False
1752495151.4453237,125.83498016327151,980.4129091325246,755.0098809796291,-3.940774797133721,0.7935160767121363,0.7922386693470621,False
1752495151.456352,123.39048485542078,965.6140993362326,740.3429091325247,-3.8683898933383634,0.8077260628772577,0.8061773235242381,False
1752495151.4675589,120.92401655603878,950.8812085145343,725.5440993362326,-3.8156459860237977,0.8219451206494159,0.8203683409368981,False
1752495151.4785519,118.46853475242237,936.1483176928359,710.8112085145342,-3.907059970597835,0.8421353892897047,0.839958684454424,False
1752495151.4899566,116.01305294880599,921.9098191805905,696.078317692836,-3.7945601331467476,0.8509422309083826,0.8498438762629867,False
1752495151.5009942,113.63996986343174,907.3417257953765,681.8398191805904,-3.6902848248996643,0.858522470974141,0.8576546115030256,False
1752495151.511941,111.21195429922943,892.872510872053,667.2717257953766,-3.9076080132109032,0.8812821101148707,0.8789193602536862,False
1752495151.5231996,108.80041847867551,879.02952620737,652.8025108720531,-3.7584642985285246,0.8844186762486853,0.8838687446491854,False
1752495151.5340247,106.49325436789502,864.8899061570154,638.9595262073701,-3.6766571213626102,0.8893090732033592,0.8887650403479418,False
1752495151.5450356,104.13665102616922,851.376516365301,624.8199061570153,-3.734953520213073,0.900216208994206,0.8990710921295796,False
1752495151.5561657,101.88441939421682,837.9290455481804,611.3065163653009,-3.623509334460186,0.9011546821141774,0.9009463231157175,False
1752495151.5674841,99.64317425803006,824.415655756466,597.8590455481803,-3.4695702553696206,0.8988324325202929,0.8990438215798353,False
1752495151.5785904,97.39094262607766,811.1659418631266,584.3456557564659,-3.447357049037614,0.9020048810289449,0.901708775084034,False
1752495151.5898736,95.18265697718778,797.5207141222248,571.0959418631267,-3.4153692694553244,0.9035105606304702,0.9033303820758266,False
1752495151.600754,92.90845235370413,784.3039597161821,557.4507141222248,-3.657172756249238,0.9176609055644853,0.9162278532156194,False
1752495151.6116178,90.70565995269703,771.746395056077,544.2339597161822,-3.5454493704363585,0.9129666677169699,0.9132927862668349,False
1752495151.6226194,88.61273250934615,759.584344243534,531.6763950560769,-3.32584123890551,0.9018264095870421,0.9029730472550214,False
1752495151.6335585,86.585724040589,747.2245365072099,519.514344243534,-3.1974910768751377,0.8943186123187159,0.8951840558123465,False
1752495151.6447413,84.52575608453499,735.1284046692607,507.1545365072099,-3.220887852764943,0.8934387716689451,0.8936133000832853,False
1752495151.655892,82.50973411154345,722.900434882124,495.0584046692607,-3.2429838360989938,0.8916210535798814,0.8918202782302218,False
1752495151.6669586,80.47173914702067,710.6724650949874,482.83043488212405,-3.141442134212754,0.8826717531761918,0.8835866056815949,False
1752495151.6783638,78.4337441824979,698.4115358205539,470.6024650949874,-3.200270890984104,0.8808230400889039,0.8810993966481729,False
1752495151.689628,76.39025597009233,685.7880521858549,458.34153582055393,-3.1702027760097637,0.8736010123318785,0.8743508507635079,False
1752495151.7008243,74.28634203097582,672.0439459830625,445.7180521858549,-3.261664302075678,0.8713361880106206,0.8716376542859093,False
1752495151.7118623,71.99565766384374,657.8054474708171,431.9739459830625,-3.59444843087126,0.8794450202806737,0.8786642836811973,False
1752495151.723206,69.62257457846951,642.8088807507439,417.73544747081706,-3.6324131339707426,0.8713268731058804,0.8720606141634121,False
1752495151.734154,67.12314679179066,626.5598535133898,402.73888075074393,-3.9438955884013214,0.8750725471113148,0.8747713538165245,False
1752495151.7453392,64.41497558556497,610.6733806363012,386.48985351338985,-4.255115534511015,0.8763621277798846,0.8762030503835486,False
1752495151.75652,61.7672301060502,594.2265964751659,370.6033806363012,-4.15081929749796,0.8557610211467873,0.8578052240704634,False
1752495151.7674408,59.02609941252766,577.7468528267337,354.15659647516594,-4.35598636396605,0.8486327089247252,0.849549960439299,False
1752495151.7787209,56.27947547112229,561.3659876401923,337.67685282673375,-4.274250076276815,0.8256764746535257,0.828063823232103,False
1752495151.7900946,53.54933127336539,544.655527580682,321.2959876401923,-4.173807698836902,0.8005046566601138,0.8032605733173127,False
1752495151.8009756,50.76425459678034,527.7802700846876,304.585527580682,-4.44938911020627,0.7923446405611416,0.7934362338367588,False
1752495151.8121705,47.951711680781266,511.7949187457084,287.7102700846876,-4.447456642032475,0.7687265268915454,0.7711974975860667,False
1752495151.8230872,45.287486457618066,495.6777294575418,271.7249187457084,-4.2198504457785475,0.7338501944698844,0.7375849247815026,False
1752495151.8339355,42.60128824292363,480.48340581368734,255.60772945754178,-4.29029907679228,0.7125386254132738,0.7150432553500967,False
1752495151.8448243,40.068900968947894,466.21194781414516,240.41340581368735,-4.067444720072881,0.6769806548760438,0.680786914923449,False
1752495151.8561525,37.690324635690864,452.7644769970245,226.14194781414517,-3.707253622207154,0.6351953898399069,0.6397545423482611,False
1752495151.8672576,35.44907949950408,439.6466010528725,212.69447699702448,-3.4511787596954244,0.59927863237766,0.6033262233747201,False
1752495151.8782732,33.26276684214542,427.8800640878919,199.5766010528725,-3.471676065142987,0.5771276395691296,0.5797474979496886,False
1752495151.8894873,31.30167734798199,417.46486610208285,187.81006408789193,-3.096376681400005,0.5370734248837336,0.541340832190329,False
1752495151.9010057,29.56581101701381,408.3350881208514,177.39486610208286,-2.667361012462256,0.4964039802579231,0.5008976654511637,False
1752495151.9118714,28.04418135347524,400.5566491187915,168.26508812085143,-2.375256073062266,0.4646773384660547,0.4682993711645656,False
1752495151.9229414,26.747774853131915,394.7887388418402,160.4866491187915,-2.056529763139534,0.4339609001975638,0.437394747294264,False
1752495151.9339852,25.786456473640033,390.80064087891964,154.7187388418402,-1.5213426993395243,0.3961318275973708,0.40025811956706014,False
1752495151.9450185,25.12177347981994,389.15266651407643,150.73064087891964,-1.050355736143099,0.36487568560330597,0.3684139289996814,False
1752495151.9564016,24.847111085679405,390.14145113298235,149.08266651407644,-0.42266296238913387,0.33029408763012097,0.334106071767077,False
1752495151.9678102,25.011908522163726,391.196154726482,150.07145113298236,0.25369910561675835,0.298395017053338,0.3019661225247119,False
1752495151.978761,25.187692454413668,392.5145342183566,151.126154726482,0.27605783373322973,0.2993212120142228,0.2995857030652717,False
1752495151.9901817,25.407422369726095,393.6681162737468,152.44453421835658,0.3418019512760474,0.2985850234059345,0.2986850913718682,False
1752495152.0011468,25.59968604562447,396.10711833371477,153.59811627374683,0.30079609003162305,0.3028636493739668,0.30244579357375695,False
1752495152.0120986,26.00618638895246,399.40306706340124,156.03711833371477,0.6434497303618398,0.2904304839755128,0.2916320149353372,False
1752495152.0232344,26.55551117723354,403.88555733577476,159.33306706340124,0.8773043516728387,0.2850626083889817,0.28571954904361724,False
1752495152.0340645,27.302592889295795,409.6205081254291,163.81555733577477,1.1941499500408992,0.2777734992329784,0.27856810421404227,False
1752495152.045229,28.258418020904855,416.212405584802,169.55050812542913,1.4978190998110075,0.2734492089042386,0.273961098435219,False
1752495152.0563877,29.357067597467005,424.18860151064314,176.14240558480202,1.738564615980439,0.2737737990468741,0.2737925289857086,False
1752495152.067373,30.686433585107192,433.25246051728084,184.11860151064315,2.0642172695074166,0.27227128310545434,0.2724234076934798,False
1752495152.0782363,32.19707675288014,443.43694209201186,193.18246051728084,2.427415080250583,0.2706612010480473,0.27083742171259056,False
1752495152.0892222,33.89449034866865,454.54428931105514,203.36694209201187,2.722154110105108,0.2741945324421161,0.27385882136916356,False
1752495152.1003964,35.74571488517586,466.739299610895,214.47428931105514,2.8805383782447813,0.28579011348647176,0.28459698427474095,False
1752495152.111316,37.778216601815835,480.4504463263905,226.669299610895,3.242630454401703,0.2885937822976161,0.2881941024953286,False
1752495152.1225183,40.06340772106508,494.9855802243076,240.38044632639048,3.575482039911286,0.2947803323189552,0.29412170933659254,False
1752495152.1336231,42.485930037384605,510.90501258869307,254.91558022430763,3.811126280693637,0.306375957877251,0.3051505330231852,False
1752495152.14457,45.13916876478218,527.8791485465781,270.8350125886931,4.210739651649576,0.310978967880342,0.3103961243946263,False
1752495152.1558423,47.96819142442968,545.8091096360723,287.8091485465781,4.473709232119581,0.3228099449422568,0.32156856288749375,False
1752495152.166997,50.95651827267872,565.0574502174411,305.7391096360723,4.5720466831336,0.3428312549283442,0.34070498572425917,False
1752495152.1781394,54.16457503624019,585.6900892652781,324.9874502174411,5.032333714936564,0.34485730710246904,0.34444207496464807,False
1752495152.1893408,57.60334821087968,607.2785534447241,345.62008926527807,5.412224314012427,0.3506260924318237,0.3500076906851061,False
1752495152.200517,61.20142557412069,629.8228427557794,367.20855344472415,5.596174541992443,0.3649427316067226,0.36344922751456094,False
1752495152.2115808,64.95880712596325,653.6195925841154,389.75284275577945,5.857509200616998,0.3737167702574498,0.3726900159831609,False
1752495152.2226508,68.92493209735257,678.3721675440604,413.5495925841154,6.2595747769283685,0.37355701582371215,0.373470315839657,False
1752495152.2337759,73.0503612573434,703.6520943007554,438.3021675440604,6.536081089771246,0.3769859752556546,0.37663440931405484,False
1752495152.2448077,77.26368238345923,729.7560082398719,463.5820943007554,6.632412409334741,0.38602624771375355,0.38508706387378366,False
1752495152.2562504,81.61433470664532,757.2442206454566,489.6860082398719,6.7216866442026255,0.39179965432234015,0.3911283952774845,False
1752495152.2671766,86.19570344090944,786.6111238269626,517.1742206454567,7.230277382645491,0.3726149025541573,0.37446625182649,False
1752495152.2782197,91.09018730449377,815.9450675211718,546.5411238269626,7.712959619140616,0.34996883746749663,0.35241857890339595,False
1752495152.289308,95.9791779201953,846.3996337834744,575.8750675211718,7.872760584071324,0.3381093559964466,0.3395402782871415,False
1752495152.300173,101.05493896391242,877.1508354314489,606.3296337834745,8.01432426730105,0.32138104187556693,0.3231969655167244,False
1752495152.3114455,106.1801392385748,909.0885786221103,637.0808354314488,7.880761341916514,0.3125691228028851,0.313631907074269,False
1752495152.322295,111.50309643701837,943.2346074616618,669.0185786221102,8.591611893334859,0.2549595570986111,0.26082679209617693,False
1752495152.3331394,117.19410124361029,976.6555275806821,703.1646074616617,9.139518581941061,0.19744678809285798,0.20378478849318987,False
1752495152.3442132,122.76425459678035,1011.0322728313115,736.5855275806821,8.821578340128108,0.1776164938877392,0.18023332334828426,False
1752495152.3552344,128.49371213855193,1046.7603570611125,770.9622728313116,9.072498063819022,0.12222930910706331,0.1280297105311854,False
1752495152.3661904,134.44839284351875,1082.818036163882,806.6903570611125,9.407158602293622,0.05488036812572711,0.062195302366272937,False
1752495152.3773952,140.45800602731367,1119.8315403982606,842.748036163882,9.442183535152882,-0.0036986491103904173,0.002890746037275918,False
1752495152.388615,146.6269233997101,1158.2293430991074,879.7615403982606,9.715834448030442,-0.08106419485357502,-0.07266870076448993,False
1752495152.4000783,153.02655718318456,1196.4953078507667,918.1593430991074,9.848875164775102,-0.1587241418253414,-0.15011859771925623,False
1752495152.4112668,159.4042179751278,1234.0691233691919,956.4253078507668,9.656110134025903,-0.22398871542546128,-0.21660170365484077,False
1752495152.4223294,165.666520561532,1269.3687342641338,993.9991233691919,9.9873247874981,-0.31722014933955756,-0.30715830477108585,False
1752495152.43332,171.5497890440223,1300.614328221561,1029.2987342641338,9.30397980923075,-0.357080588509575,-0.3520883601357261,False
1752495152.4442492,176.75738803692684,1329.8164339665827,1060.544328221561,8.260080514411209,-0.37138702673521656,-0.3694571600752675,False
1752495152.4552681,181.62440566109714,1356.8432135500113,1089.7464339665828,7.796730117276394,-0.41069312693070587,-0.406569530245162,False
1752495152.4663496,186.1288689250019,1381.4309910734721,1116.7732135500114,7.062618528016067,-0.4316833213177075,-0.42917194221045296,False
1752495152.4775157,190.2268318455787,1404.4696726939803,1141.3609910734722,6.5561329801887975,-0.4584358416272687,-0.4555094516855871,False
1752495152.488857,194.0666121156634,1425.1023117418174,1164.3996726939804,5.813867522497639,-0.46951726528243753,-0.4681164839227525,False
1752495152.4998636,197.5053852903029,1444.2188143739986,1185.0323117418175,5.409898076449504,-0.4918051480892257,-0.4894362816725784,False
1752495152.510678,200.6914690623331,1460.3360036621652,1204.1488143739987,5.1073071910184025,-0.5153319969673157,-0.512742425437842,False
1752495152.5218258,203.37766727702754,1473.7175555046922,1220.2660036621653,4.267950859176475,-0.5053358873549014,-0.5060765411631954,False
1752495152.5330365,205.6079259174487,1484.956740672923,1233.6475555046923,3.4687738382426763,-0.4914375659532475,-0.4929014634742423,False
1752495152.544014,207.48112344548716,1494.0535591668574,1244.886740672923,2.9629076408377144,-0.4876618954840224,-0.4881858522830444,False
1752495152.555051,208.9972598611429,1500.6124971389333,1253.9835591668575,2.400879960341149,-0.47671190060570307,-0.4778592957734372,False
1752495152.5657995,210.09041618982224,1504.5346761272601,1260.5424971389334,1.7636503094190108,-0.4570625625482575,-0.45914223587077546,False
1752495152.5765939,210.7441126878767,1506.3804074158845,1264.4646761272602,1.054134053341189,-0.42882561720331025,-0.4318572790700568,False
1752495152.5878003,211.0517345693141,1506.2156099794001,1266.3104074158846,0.4892304965863646,-0.40397008189219963,-0.40675880160998534,False
1752495152.5993173,211.02426832990002,1505.3586633096818,1266.1456099794002,-0.04188243336147594,-0.3771122320789815,-0.38007688903208187,False
1752495152.6106606,210.88144388494698,1503.8754863813228,1265.2886633096819,-0.21577504669447675,-0.3668447410051678,-0.3681679558078592,False
1752495152.6219985,210.6342477302205,1501.8319981689174,1263.805486381323,-0.3858390150411821,-0.3556137445345113,-0.35686916566184607,False
1752495152.63353,210.29366636148623,1498.6349279011215,1261.7619981689174,-0.5145404959638558,-0.34540895055635434,-0.3465549720669035,False
1752495152.6445937,209.7608213168536,1494.7127489127947,1258.5649279011216,-0.8261311754616819,-0.32390537163046484,-0.3261703316741087,False
1752495152.6558313,209.10712481879912,1490.6916914625772,1254.6427489127948,-1.0468240869222456,-0.30555999189651734,-0.3076210258742765,False
1752495152.6671655,208.43694857709622,1485.8466468299382,1250.6216914625772,-1.0023057485137778,-0.3002425151948607,-0.3009803662628023,False
1752495152.6780818,207.62944113832305,1480.1116960402837,1245.7766468299383,-1.286605928053384,-0.2768747557079958,-0.27928531676347645,False
1752495152.6890645,206.67361600671396,1474.014190890364,1240.0416960402838,-1.525178613415722,-0.25402480997441546,-0.25655086065332156,False
1752495152.700174,205.657365148394,1467.2904554818037,1233.944190890364,-1.5970214284204167,-0.23872018542952672,-0.2405032529519062,False
1752495152.711361,204.53674258030063,1459.6108949416343,1227.2204554818038,-1.7402316316919568,-0.21852824779380411,-0.22072574830961433,False
1752495152.7227652,203.25681582360573,1451.0414282444494,1219.5408949416344,-2.0285411892998892,-0.18908614687854075,-0.1922501070216481,False
1752495152.7339833,201.82857137407493,1441.878690775921,1210.9714282444495,-2.1460579830422,-0.16627160630043353,-0.168869456372555,False
1752495152.7450812,200.30144846265352,1431.3316548409246,1201.8086907759211,-2.420214734428912,-0.1342646136563743,-0.13772509792799237,False
1752495152.7564147,198.5436091401541,1420.55390249485,1191.2616548409246,-2.717438835502942,-0.09811594924553307,-0.102076864113779,False
1752495152.7673569,196.747317082475,1408.5566491187915,1180.48390249485,-2.875560554268415,-0.06822938604559664,-0.07161413385241487,False
1752495152.778209,194.74777485313192,1396.262760357061,1168.4866491187915,-3.1702182800434002,-0.02878483717848715,-0.03306776684587992,False
1752495152.7892811,192.69879339284353,1383.0460059510185,1156.1927603570612,-3.321989909356162,0.004362765930764373,0.0006197126530999436,False
1752495152.8003807,190.49600099183644,1368.9723048752574,1142.9760059510186,-3.4307199171581315,0.0375067007079887,0.033818001902499825,False
1752495152.8115447,188.15038414587625,1353.7779812314031,1128.9023048752574,-3.650830441472373,0.07823293957792118,0.07379144581037905,False
1752495152.8222883,185.61799687190054,1338.8143739986267,1113.7079812314032,-4.060139906847736,0.13098038083926197,0.12526148733637368,False
1752495152.8337348,183.12406233310446,1325.8283360036623,1098.7443739986268,-3.823312978514138,0.15106862727032724,0.1484879132769319,False
1752495152.8446217,180.95972266727708,1314.39139391165,1085.7583360036624,-3.477289489431341,0.16154100249207215,0.1602356935705581,False
1752495152.8558228,179.05356565194168,1305.9867246509498,1074.3213939116501,-3.0006474528454565,0.1621852294679648,0.16199027587822412,False
1752495152.8670287,177.65278744182498,1299.9880979629206,1065.9167246509498,-2.1417592400987235,0.1372206985882013,0.13969765631720357,False
1752495152.8782866,176.65301632715344,1296.6921492332342,1059.9180979629207,-1.558809380270516,0.12089551666824036,0.12277573063313668,False
1752495152.8891454,176.10369153887237,1295.769283588922,1056.6221492332343,-0.8880962802037965,0.09439976977742706,0.09723736586299803,False
1752495152.9005194,175.94988059815367,1296.7910276951247,1055.699283588922,-0.23688048048589636,0.06380935836430007,0.06715215911416987,False
1752495152.9116204,176.1201712825208,1298.0105287251088,1056.7210276951248,0.2655058328924273,0.03650853051261266,0.039572893372768383,False
1752495152.922894,176.3234214541848,1300.7791256580454,1057.9405287251088,0.3255685836200883,0.030901078576086007,0.03176826005575424,False
1752495152.934125,176.7848542763409,1304.6353856717783,1060.7091256580454,0.6907048284798379,0.006729616356434202,0.009233480726366206,False
1752495152.9452958,177.42756427862972,1309.7111467154955,1064.5653856717784,1.0043592591337682,-0.017195743979910652,-0.014552821509282967,False
1752495152.9561844,178.2735244525826,1315.5779354543372,1069.6411467154956,1.3737360100742817,-0.046520034011674885,-0.043323312761435695,False
1752495152.9676192,179.25132257572287,1321.7743190661479,1075.5079354543373,1.4886269701017854,-0.06481766064970527,-0.06266822586087832,False
1752495152.9784348,180.28405317769133,1326.5864042114902,1081.704319066148,1.643737942450873,-0.08583448288099439,-0.08351785717898279,False
1752495152.9892535,181.0860673685817,1329.058365758755,1086.5164042114902,1.3022286651599224,-0.07905707151700907,-0.07950315008320644,False
1752495153.000339,181.4980609597925,1329.0913252460518,1088.988365758755,0.6487781460563369,0.0,-0.007950315008320635,True
1752495153.0112922,181.5035542076753,1327.9377431906616,1089.021325246052,0.008711466295698913,0.0,-0.0007950315008320632,True
1752495153.0227566,181.31129053177696,1326.4216067750058,1087.8677431906617,-0.29828440921196175,0.0,-7.950315008320625e-05,True
1752495153.033869,181.05860112916764,1324.0814831769285,1086.3516067750058,-0.3966289249348369,0.0,-7.95031500832062e-06,True
1752495153.044769,180.66858052948808,1322.1368734264136,1084.0114831769286,-0.615341487812583,0.0,-7.95031500832062e-07,True
1752495153.0560944,180.34447890440228,1320.1922636758984,1082.0668734264136,-0.5160222224737403,0.0,-7.95031500832062e-08,True
1752495153.067039,180.02037727931642,1319.3023575188831,1080.1222636758985,-0.49863747598624153,0.0,-7.950315008320623e-09,True
1752495153.077806,179.87205958648053,1319.6978713664455,1079.2323575188832,-0.24071098929766227,0.0,-7.950315008320618e-10,False
1752495153.088975,179.93797856107426,1320.0274662394143,1079.6278713664456,0.10236222366714481,-0.004321677917840393,-0.0038895102055595044,False
1752495153.1000016,179.9929110399024,1320.0274662394143,1079.9574662394143,0.08761192960119013,-0.004289565300750572,-0.004249559791231466,False
1752495153.1109202,179.9929110399024,1319.9945067521173,1079.9574662394143,0.0,9.103117930893413e-05,-0.0003430279177451057,False
1752495153.1221104,179.98741779201956,1319.9615472648204,1079.9245067521174,-0.008657638556654385,0.0005944533302271787,0.0005007052054299503,False
1752495153.132903,179.98192454413675,1319.9945067521173,1079.8915472648205,-0.008708070674457167,0.0006675151577170146,0.0006508341624883082,False
1752495153.143967,179.98741779201956,1320.0274662394143,1079.9245067521174,0.008741576359196503,-0.00027550741556536573,-0.0001828732577599984,False
1752495153.1552982,179.9929110399024,1320.060425726711,1079.9574662394143,0.008605392588903976,-0.0003392384501362647,-0.0003236019308986381,False
1752495153.1665292,179.99840428778518,1320.0933852140079,1079.990425726711,0.008564886704732485,-0.0004077533798489998,-0.0003993382349539636,False
1752495153.1778033,180.003897535668,1320.0933852140079,1080.023385214008,0.008291853015150577,0.0,-3.993382349539636e-05,True
1752495153.1888094,180.003897535668,1320.0933852140079,1080.023385214008,0.0,0.0,-3.993382349539637e-06,True
1752495153.1996648,180.003897535668,1320.0933852140079,1080.023385214008,0.0,0.0,-3.993382349539638e-07,True
1752495153.2110393,180.003897535668,1320.0933852140079,1080.023385214008,0.0,0.0,-3.993382349539639e-08,True
1752495153.2223258,180.003897535668,1320.0933852140079,1080.023385214008,0.0,0.0,-3.993382349539638e-09,True
1752495153.2336292,180.003897535668,1320.0933852140079,1080.023385214008,0.0,0.0,-3.9933823495396376e-10,True
1752495153.2452283,180.003897535668,1320.0933852140079,1080.023385214008,0.0,0.0,-3.9933823495396376e-11,True
1752495153.2568166,180.003897535668,1320.0933852140079,1080.023385214008,0.0,0.0,-3.993382349539635e-12,True
1752495153.268101,180.003897535668,1320.0933852140079,1080.023385214008,0.0,0.0,-3.993382349539635e-13,True
1752495153.2789686,180.003897535668,1320.0933852140079,1080.023385214008,0.0,0.0,-3.993382349539633e-14,True
1752495153.2900772,180.003897535668,1320.0933852140079,1080.023385214008,0.0,0.0,-3.993382349539629e-15,True
1752495153.301334,180.003897535668,1320.0933852140079,1080.023385214008,0.0,0.0,-3.993382349539631e-16,True
1752495153.31264,180.003897535668,1320.0933852140079,1080.023385214008,0.0,0.0,-3.993382349539632e-17,True
1752495153.3235745,180.003897535668,1320.0933852140079,1080.023385214008,0.0,0.0,-3.993382349539628e-18,True
1752495153.33495,180.003897535668,1320.0933852140079,1080.023385214008,0.0,0.0,-3.993382349539628e-19,True
1752495153.3462186,180.003897535668,1320.0933852140079,1080.023385214008,0.0,0.0,-3.993382349539625e-20,True
1752495153.3574505,180.003897535668,1320.0933852140079,1080.023385214008,0.0,0.0,-3.9933823495396264e-21,True
1752495153.3687866,180.003897535668,1320.0933852140079,1080.023385214008,0.0,0.0,-3.993382349539622e-22,True
1752495153.379977,180.003897535668,1320.0933852140079,1080.023385214008,0.0,0.0,-3.993382349539619e-23,True
1752495153.3910513,180.003897535668,1320.0933852140079,1080.023385214008,0.0,0.0,-3.993382349539619e-24,True
1752495153.401948,180.003897535668,1320.1263447013048,1080.023385214008,0.0,0.0,-3.993382349539619e-25,True
1752495153.4129233,180.0093907835508,1320.1922636758984,1080.0563447013049,0.008762338388768604,0.0,-3.9933823495396163e-26,True
1752495153.4238188,180.02037727931642,1320.2911421377892,1080.1222636758985,0.017359752883795845,0.0,-3.993382349539615e-27,True
1752495153.4347286,180.03685702296488,1320.4229800869766,1080.2211421377892,0.02669299672598734,0.0,-3.9933823495396138e-28,True
1752495153.4456828,180.05883001449612,1320.6536964980546,1080.3529800869767,0.03460373424629749,0.0,-3.9933823495396146e-29,True
1752495153.4567497,180.09728274967577,1320.9832913710231,1080.5836964980547,0.06086028646830765,0.0,-3.993382349539615e-30,True
1752495153.4675357,180.15221522850388,1321.8072785534448,1080.9132913710232,0.08910085874242585,0.0,-3.993382349539615e-31,True
1752495153.4784307,180.28954642557414,1322.9279011215383,1081.7372785534449,0.21917785584514507,0.0,-3.993382349539614e-32,True
1752495153.4895005,180.47631685358974,1324.5099565117878,1082.8579011215384,0.296517455063896,0.0,-3.993382349539613e-33,True
1752495153.5005386,180.73999275196465,1327.5422293430993,1084.4399565117878,0.41436231656313627,0.0,-3.993382349539611e-34,True
1752495153.5113375,181.24537155718323,1331.8269626916915,1087.4722293430993,0.8176625470145013,0.0,-3.9933823495396105e-35,True
1752495153.5225124,181.9594937819486,1336.8697642481118,1091.7569626916916,1.1227615265546662,0.0,-3.9933823495396105e-36,True
1752495153.5336437,182.79996070801863,1343.2968642710002,1096.7997642481118,1.310092824957328,0.0,-3.9933823495396105e-37,True
1752495153.5446665,183.87114404516672,1351.0423437857633,1103.2268642710003,1.7063507595881067,0.0,-3.993382349539609e-38,True
1752495153.5556576,185.16205729762723,1359.6447699702449,1110.9723437857633,2.062340120115318,0.0,-3.9933823495396057e-39,False
1752495153.5666661,186.59579499504082,1369.334859235523,1119.574769970245,2.250100308103909,-0.19701638394526222,-0.177314745550736,False
1752495153.5781524,188.2108098725872,1380.211490043488,1129.264859235523,2.498335208334967,-0.22999338972046657,-0.22472552530349352,False
1752495153.589383,190.0235816739147,1392.1428244449532,1140.1414900434881,2.788872046175475,-0.2675034561109185,-0.263225663030176,False
1752495153.6003435,192.01213740749222,1404.304875257496,1152.0728244449533,3.1464618704163887,-0.31044657030521183,-0.30572447957770826,False
1752495153.6113741,194.03914587624934,1415.8406958113985,1164.234875257496,3.199076586851989,-0.3384355730075983,-0.3351644636646093,False
1752495153.6227467,195.9617826352331,1427.1787594415198,1175.7706958113986,2.997710346674103,-0.352213908856183,-0.3505089643370256,False
1752495153.634062,197.85145990691998,1438.2201876859692,1187.1087594415199,2.878872833294573,-0.3694880481560304,-0.36759013977412996,False
1752495153.6451256,199.69169794766154,1449.5582513160905,1198.1501876859693,2.9290011208564377,-0.3943675207676608,-0.39168978266830773,False
1752495153.6566062,201.58137521934842,1460.7315175097276,1209.4882513160906,2.9006650977697115,-0.4156585096225571,-0.4132616369271322,False
1752495153.6676176,203.44358625162127,1472.8935683222705,1220.6615175097277,2.8755683450599467,-0.43649356264524497,-0.4341703700734337,False
1752495153.678726,205.47059472037844,1485.6159304188602,1232.8235683222706,3.2211602571212254,-0.47746569367126035,-0.4731361613114777,False
1752495153.6897604,207.59098840314337,1498.733806363012,1245.5459304188603,3.3787287680076994,-0.5097039403172613,-0.5060471624166829,False
1752495153.700869,209.77730106050203,1512.6756694895855,1258.663806363012,3.396382621631823,-0.5352147553566166,-0.5322979960626232,False
1752495153.7117486,212.10094491493092,1527.3426413366903,1272.6056694895856,3.7109164486029385,-0.5765326061486307,-0.57210914514003,False
1752495153.722879,214.54544022278174,1542.7676813916228,1287.2726413366904,3.914251767962573,-0.6129267317435928,-0.6088449730832365,False
1752495153.7342641,217.11628023193714,1559.3792629892423,1302.6976813916228,3.886838595933307,-0.6383189307138071,-0.63537153495075,False
1752495153.7450535,219.88487716487373,1578.2980086976424,1319.3092629892424,4.46939197346772,-0.6952671680615358,-0.6892776047504572,False
1752495153.7567341,223.0380014496071,1596.8542000457771,1338.2280086976425,4.917816122340694,-0.7480278798685087,-0.7421528523567036,False
1752495153.7679174,226.13070000762954,1616.8606088349736,1356.7842000457772,4.622466976310631,-0.7615421106885166,-0.7596031848553353,False
1752495153.779121,229.4651014724956,1637.3943694209202,1376.7906088349737,5.197447137711737,-0.8190498979739627,-0.8131052266621,False
1752495153.790045,232.8873949034867,1658.1918059052416,1397.3243694209202,5.4442268576030415,-0.8589360658582001,-0.8543529819385901,False
1752495153.8008485,236.35363431754027,1678.9233234149692,1418.1218059052417,5.606116107810806,-0.8927979217353625,-0.8889534277556853,False
1752495153.811809,239.80888723582822,1699.325246051728,1438.8533234149693,5.482006226276061,-0.9100478955005259,-0.9079384487260418,False
1752495153.822729,243.209207675288,1720.1886015106431,1459.2552460517281,5.444530005547118,-0.9289998186503372,-0.9268936816579076,False
1752495153.8340435,246.6864335851072,1741.0849164568551,1480.1186015106432,5.522493377803148,-0.9518026670945722,-0.9493117685509057,False
1752495153.8451993,250.1691527428092,1762.244907301442,1501.0149164568552,5.299983728146477,-0.9571179317751579,-0.9563373154527327,False
1752495153.856302,253.69581788357368,1784.5255207141222,1522.174907301442,5.591065668092429,-0.9857149522691064,-0.9827771885874691,False
1752495153.8672411,257.4092534523537,1806.4106202792402,1544.4555207141223,5.851052024906555,-1.010609270563381,-1.0078260623657898,False
1752495153.8782022,261.05677004654007,1828.8560311284045,1566.3406202792403,5.884872437992847,-1.0210490023224392,-1.0197267083267743,False
1752495153.8892303,264.7976718547341,1851.070725566491,1588.7860311284046,5.919556591922943,-1.0286970656924532,-1.0278000299558854,False
1752495153.900086,268.5001209277485,1873.713893339437,1611.0007255664912,5.928292768560271,-1.0319125559263995,-1.031501303329348,False
1752495153.9112022,272.2739822232395,1896.1263447013046,1633.643893339437,5.925345466489387,-1.0314378818070564,-1.0314442239592856,False
1752495153.92253,276.00939078355077,1919.066147859922,1656.0563447013046,5.777607747044419,-1.020587257006926,-1.021672953702162,False
1752495153.9335005,279.832691309987,1942.467383840696,1678.996147859922,6.058849136049809,-1.0278847465600005,-1.0272635672742167,False
1752495153.9445238,283.73289730678266,1964.9457541771571,1702.397383840696,6.261509209398584,-1.0277925571020243,-1.0277396581192435,False
1752495153.9557066,287.47929236285955,1986.7649347676813,1724.8757541771572,5.844613780820407,-0.9940078510500323,-0.9973810317569535,False
1752495153.9673948,291.11582246128023,2009.0125886930648,1746.6949347676814,5.481972305712284,-0.960446008087418,-0.9641395104543715,False
1752495153.9781501,294.8237647821775,2031.1613641565575,1768.9425886930649,5.845038590010221,-0.96002114779767,-0.9604329840633401,False
1752495153.989259,298.51522735942626,2051.7610437170974,1791.0913641565576,5.862996183516424,-0.9396461740836597,-0.9417248550816277,False
1752495154.000466,301.9485072861829,2070.8116273746855,1811.6910437170975,5.403927138783181,-0.894497890875634,-0.8992205872962334,False
1752495154.0113444,305.1236045624476,2088.873426413367,1830.7416273746855,4.995188960067338,-0.8515387603427407,-0.85630694303809,False
1752495154.0226614,308.1339044022278,2105.880521858549,1848.8034264133669,4.669193101758507,-0.8121783539982541,-0.8165912129022377,False
1752495154.0336468,310.9684203097582,2121.602197299153,1865.810521858549,4.457456934737365,-0.7784163830626293,-0.7822338660465902,False
1752495154.044839,313.58869954985886,2135.4122224765392,1881.532197299153,4.085537975241328,-0.7371864075346548,-0.7416911533858483,False
1752495154.0557604,315.89037041275657,2147.2446784161134,1895.3422224765393,3.734318887153376,-0.6988225778679258,-0.703109435419718,False
1752495154.0673592,317.8624464026856,2156.2096589608605,1907.1746784161135,3.020939743194476,-0.6446710731760978,-0.6505149094004599,False
1752495154.0783432,319.3566098268101,2.7026779583428704,1916.1396589608605,2.3148580733518362,-0.5949729508805703,-0.6005271467325592,False
1752495154.0892835,-39.561220340276186,6.460059510185397,-237.36732204165713,-566.905509687711,27.876674591267612,25.028954417467595,False
1752495154.100392,-38.93499008163577,7.18516823071641,-233.6099404898146,1.0162902258378788,-0.51318792245126,2.0410263115406266,False
1752495154.1116347,-38.81413862821393,6.295262073701076,-232.88483176928358,0.1819293391642231,-0.4702617020183428,-0.21913290066244606,False
1752495154.1227021,-38.96245632104982,6.822613870450904,-233.7747379262989,-0.23759267108537405,-0.4507680763889428,-0.4276045588162931,False
1752495154.1334393,-38.87456435492485,7.086289768825818,-233.24738612954908,0.14014244801508358,-0.4687767023097719,-0.46465948796042406,False
1752495154.144362,-38.830618371862364,5.899748226138704,-232.98371023117417,0.07085054762388784,-0.4648726346607708,-0.4648513199907361,False
1752495154.1554132,-39.02837529564355,4.515449759670405,-234.17025177386128,-0.31625734231230795,-0.4474927260146667,-0.4492285854122737,False
1752495154.1668253,-39.2590917067216,2.5049210345616846,-235.55455024032958,-0.35732032535179375,-0.44773733290449136,-0.4478864581552696,False
1752495154.1780572,-39.59417982757305,2159.1100938429845,-237.56507896543832,-0.5080343330348123,-0.44352539450002126,-0.4439615008655461,False
1752495154.1895285,319.8400156404974,2154.2650492103458,1919.0400938429846,553.5092638805543,-28.149966094444476,-25.379365635086582,False
1752495154.2008436,319.0325082017243,2148.2334630350197,1914.1950492103458,-1.2686305555071036,-0.41894877442911393,-2.9149904604948595,False
1752495154.2119844,318.02724383916996,2141.4108491645684,1908.1634630350197,-1.5189751524089958,-0.4161040446970871,-0.6659926862768644,False
1752495154.2230477,316.89014152742806,2133.1709773403527,1901.3408491645685,-1.7902425770478032,-0.41329897773732766,-0.43856834859128135,False
1752495154.2337372,315.51682955672544,2124.041199359121,1893.1009773403528,-2.2443295735827578,-0.4033233477954713,-0.4068478478750523,False
1752495154.2447248,313.99519989318685,2114.2522316319523,1883.971199359121,-2.421574573410906,-0.4082183459099206,-0.4080812961064338,False
1752495154.2559135,312.36370527199205,2103.441519798581,1874.1822316319524,-2.5636466979168993,-0.4154503450780036,-0.4147134401808466,False
1752495154.2670903,310.56191996643014,2091.279468986038,1863.371519798581,-2.8992534967647625,-0.41398929186530564,-0.4140617066968597,False
1752495154.2780316,308.534911497673,2078.0956740672923,1851.209468986038,-3.1326866469175303,-0.41889043413205873,-0.41840756138853885,False
1752495154.2891467,306.33761234454875,2063.758297093156,1838.0256740672924,-3.5008161201060273,-0.4176348635317271,-0.41771213331740825,False
1752495154.3006163,303.94804951552607,2048.498054474708,1823.6882970931563,-3.659321551349913,-0.42737110865464206,-0.42640521112091867,False
1752495154.311635,301.4046757457847,2031.5568780041199,1808.4280544747082,-3.963432135518478,-0.429797107524557,-0.4294579178841932,False
1752495154.3226411,298.58114633402,2014.0224307621882,1791.48687800412,-4.528411571676537,-0.4196712542213338,-0.42064992058761974,False
1752495154.3340378,295.6587384603647,1995.7628747997255,1773.9524307621882,-4.522230488083687,-0.43708549643523764,-0.43544193885047583,False
1752495154.3449202,292.6154791332876,1976.0201419089035,1755.6928747997256,-4.727628071316614,-0.44279410190112434,-0.4420588855960595,False
1752495154.3560295,289.32502365148395,1955.4204623483636,1735.9501419089036,-5.213876218318358,-0.43360146707440084,-0.4344472089265667,False
1752495154.3669803,285.8917437247273,1933.7331197070268,1715.3504623483636,-5.447380625464193,-0.43526117530507435,-0.43517977866722357,False
1752495154.3777325,282.2771866178378,1911.3865873197528,1693.663119707027,-5.86452574647025,-0.42569734488147387,-0.42664558826004884,False
1752495154.388626,278.55276455329215,1888.4138246738385,1671.316587319753,-5.992705667938144,-0.42793267928435513,-0.4278039701819245,False
1752495154.3996675,274.72397077897307,1864.1556420233464,1648.3438246738385,-6.149424230157803,-0.42577945976820175,-0.42598191080957404,False
1752495154.411333,270.6809403372244,1838.8427557793545,1624.0856420233465,-6.233260536997968,-0.4240350132842199,-0.4242297030367553,False
1752495154.4224408,266.4621259632258,1811.519340810254,1598.7727557793546,-6.34485540173347,-0.41710505643021956,-0.4178175210908731,False
1752495154.4334924,261.9082234683757,1782.844586861982,1571.4493408102542,-7.310492454455594,-0.3629001550667037,-0.3683918916691206,False
1752495154.4446526,257.12909781033034,1754.6312657358662,1542.774586861982,-7.2887580207580065,-0.3528259730736402,-0.35438256493318826,False
1752495154.4560177,252.42687762264438,1723.8800640878922,1514.5612657358663,-7.425967042733918,-0.33011596523587594,-0.3325426252056072,False
1752495154.4674714,247.30167734798204,1692.9311055161363,1483.8100640878922,-7.79577546836413,-0.2889769377395245,-0.29333350648613277,False
1752495154.4782705,242.14351758602274,1660.1034561684596,1452.8611055161364,-8.108399706672303,-0.24507187826315607,-0.24989804108545374,False
1752495154.4894826,236.6722426947433,1627.209887846189,1420.0334561684597,-8.634347461434558,-0.18303212787988216,-0.1897187192004393,False
1752495154.5006013,231.1899813076982,1593.3604943923096,1387.1398878461891,-8.720491420980071,-0.13729271365389184,-0.1425353142085466,False
1752495154.5115979,225.5484157320516,1559.2474250400548,1353.2904943923097,-8.720175370767105,-0.08920083062620626,-0.09453427898444029,False
1752495154.5225024,219.86290417334249,1522.3987182421608,1319.177425040055,-9.190781616980136,-0.012041942078935608,-0.02029117576948608,False
1752495154.5336077,213.72145304036016,1486.2751201647975,1282.328718242161,-9.539985043629219,0.06854330320129781,0.059659855304219425,False
1752495154.5445182,207.70085336079958,1447.5806820782786,1246.2051201647976,-9.755942873676211,0.1457799062347439,0.13716790114169147,False
1752495154.555687,201.25178034637977,1410.0068665598535,1207.5106820782787,-10.176775488768019,0.24215368043786534,0.23165510250824795,False
1752495154.5672202,194.98947775997559,1373.2570382238498,1169.9368665598536,-9.616903964231478,0.29054960374536754,0.2846601536216556,False
1752495154.5784302,188.86450637064164,1337.1663996337836,1133.1870382238499,-9.222216523973039,0.3477329765255216,0.341425694235135,False
1752495154.5892954,182.84939993896396,1302.4930189974823,1097.0963996337837,-9.670832497265993,0.44696682005043376,0.43641270746890387,False
1752495154.6002617,177.07050316624705,1272.5987640192263,1062.4230189974824,-9.173007403864926,0.49625241233829515,0.49026844185135604,False
1752495154.6110842,172.08812733653772,1245.1764705882351,1032.5287640192264,-8.086644038719811,0.5056080375418824,0.5040740779728298,False
1752495154.6219223,167.5177450980392,1219.962462806134,1005.1064705882352,-7.360999656839315,0.527072953160928,0.5247730656421181,False
1752495154.6329436,163.31541046768902,1197.3852140077822,979.8924628061341,-6.680625579663558,0.5452672304945944,0.5432178140093468,False
1752495154.6440089,159.55253566796372,1176.5548180361639,957.3152140077823,-5.963349650117857,0.5552005533427151,0.5540022794093783,False
1752495154.6553066,156.0808030060273,1158.031586175326,936.4848180361639,-5.340102480824686,0.5653134058039838,0.5641822931645233,False
1752495154.6663494,152.9935976958877,1141.354085603113,917.9615861753261,-4.823122640588694,0.57525289302721,0.5741458330409414,False
1752495154.6775482,150.2140142671855,1127.51110093843,901.284085603113,-4.332540781692624,0.5821194561673648,0.5813220938547224,False
1752495154.6888595,147.906850156405,1116.1730373083087,887.44110093843,-3.6067010802091533,0.5712370393225346,0.5722455447757533,False
1752495154.6998236,146.01717288471812,1107.504692149233,876.1030373083088,-2.9962251405193427,0.5610545966871618,0.562173691496021,False
1752495154.7107067,144.57244869153885,1101.6049439230944,867.4346921492331,-2.3163054132342786,0.5423097308540943,0.544296126918287,False
1752495154.7218153,143.58915732051574,1098.111238269627,861.5349439230945,-1.55742933978216,0.5145914733034046,0.5175619386648929,False
1752495154.7330382,143.00687304493783,1097.0235751888304,858.041238269627,-0.9097187028701224,0.4882008488244499,0.4911369578084942,False
1752495154.744166,142.82559586480508,1097.9794003204395,856.9535751888304,-0.2801353118430424,0.4585787140073674,0.46183453838748006,False
1752495154.755661,142.9849000534066,1100.0558480201419,857.9094003204395,0.2555612262143204,0.43016218388872407,0.4333294193385997,False
1752495154.7667007,143.33097467002366,1103.1210803387503,859.9858480201419,0.5267092814321377,0.41304826427612656,0.4150763797823739,False
1752495154.777976,143.84184672312506,1107.1421377889676,863.0510803387504,0.7795328733276473,0.395127728479456,0.3971225936097478,False
1752495154.7891133,144.51202296482793,1112.5804531929502,867.0721377889677,1.0599744938316054,0.37412777425837035,0.3764272561935081,False
1752495154.7998464,145.41840886549173,1118.9416342412453,872.5104531929503,1.4437724239307947,0.34540780896694845,0.3485097536896044,False
1752495154.811016,146.47860570687422,1126.3575188830396,878.8716342412454,1.715920609452173,0.32052067134038037,0.3233195795753028,False
1752495154.8222406,147.7145864805066,1134.8940260929276,886.2875188830396,1.9126379111985596,0.2973595077951875,0.299955514973199,False
1752495154.8335493,149.1373376821546,1144.946669718471,894.8240260929276,2.155010736191955,0.2696759489197494,0.2727039055250943,False
1752495154.844688,150.81277828641183,1156.4165712977797,904.876669718471,2.6140163828060667,0.2280986789747223,0.23255920162975952,False
1752495154.8559926,152.72442854962995,1168.8422980086975,916.3465712977797,2.949049343462846,0.1897201585535187,0.19400406286114277,False
1752495154.8668034,154.7953830014496,1182.4875257495996,928.7722980086976,3.333692681193553,0.14663612414965002,0.1513729180207993,False
1752495154.8778443,157.0695876249333,1196.7919432364386,942.4175257495997,3.6519581944409523,0.10405974974294782,0.10879106657073297,False
1752495154.8890228,159.4536572060731,1212.184023804074,956.7219432364386,3.7508740382019905,0.07067870799987727,0.07448994385696284,False
1752495154.9002748,162.0190039673457,1229.3888761730373,972.1140238040741,4.037814358098842,0.02523643223671415,0.03016178339873902,False
1752495154.9111876,164.88647936217288,1247.384756237125,989.3188761730373,4.420220635157903,-0.029177217548658374,-0.023243317453918638,False
1752495154.9222538,167.88579270618752,1266.9297322041657,1007.314756237125,4.7900817601336225,-0.08509884875645604,-0.0789132956262023,False
1752495154.933882,171.14328870069428,1286.7383840695811,1026.8597322041658,4.97824862604183,-0.13563348559011074,-0.1299614665937199,False
1752495154.9448636,174.44473067826354,1306.1515220874342,1046.6683840695812,5.090789219392577,-0.18331452118848013,-0.1779792157290041,False
1752495154.9557457,177.68025368123904,1323.8507667658505,1066.0815220874342,5.272691334861712,-0.23385423880842798,-0.2282667365004856,False
1752495154.966968,180.63012779430844,1338.4847791256582,1083.7807667658506,4.664416098111349,-0.2413122766123907,-0.2400077226012002,False
1752495154.978135,183.06912985427638,1351.1741817349507,1098.4147791256582,3.6901810119102096,-0.22390170000732165,-0.2255123022667095,False
1752495154.9891334,185.18403028915847,1362.017853055619,1111.1041817349508,3.382861695043531,-0.23562177582789984,-0.2346108284717808,False
1752495155.0004609,186.9913088426032,1369.796292057679,1121.9478530556191,2.788919612494071,-0.22900057548210911,-0.2295616007810763,False
1752495155.0113685,188.2877153429465,1375.2675669489586,1129.726292057679,2.0683625521347744,-0.20947210188998985,-0.21148105177909848,False
1752495155.0227404,189.19959449149312,1378.2009613183793,1135.1975669489586,1.4158005319786908,-0.18841747018465532,-0.19072382834409965,False
1752495155.034112,189.68849355306324,1378.2009613183793,1138.1309613183794,0.7546720988357609,-0.1615540185978969,-0.16447099957251718,False
1752495155.0454416,189.68849355306324,1376.6518654154268,1138.1309613183794,0.0,-0.12382041365610884,-0.12788547224774965,False
1752495155.0565827,189.43031090257114,1374.6083772030213,1136.5818654154268,-0.4056688086882339,-0.10026762311145576,-0.10302940802508515,False
1752495155.0676632,189.0897295338369,1371.6090638590065,1134.5383772030214,-0.5332262491589873,-0.08957325786893441,-0.09091887288454949,False
1752495155.0783818,188.5898439765011,1367.5550469214922,1131.5390638590065,-0.8107998494791475,-0.06935168494835409,-0.07150840374197362,False
1752495155.0892618,187.91417448691539,1362.6770428015564,1127.4850469214923,-1.0876982334560739,-0.04692020079798741,-0.049379021092386025,False
1752495155.1004426,187.1011738002594,1356.5795376516364,1122.6070428015564,-1.2677922494906375,-0.027565131511216506,-0.029746520469333456,False
1752495155.111359,186.08492294193942,1349.0977340352483,1116.5095376516365,-1.6339567142567568,0.003706560132357206,0.00036125207218814376,False
1752495155.1222794,184.8379556725414,1340.8578622110324,1109.0277340352484,-1.9742951167599772,0.03666310686783398,0.033032921388269396,False
1752495155.1332192,183.46464370183875,1331.761043717098,1100.7878622110325,-2.1864872859145708,0.06486108243470957,0.061678266330065554,False
1752495155.144243,181.948507286183,1322.8619821469445,1091.691043717098,-2.4365094574694997,0.096809006975848,0.09329593291126975,False
1752495155.1552458,180.4653303578241,1315.3801785305561,1082.7919821469445,-2.3691869344635617,0.11248398431488701,0.1105651791745253,False
1752495155.1665006,179.21836308842603,1310.304417486839,1075.3101785305562,-1.8963667321446769,0.1048552280611884,0.1054262231725221,False
1752495155.1776938,178.37240291447316,1307.6017395284962,1070.234417486839,-1.337076158004723,0.08775139437616308,0.08951887725579899,False
1752495155.1889846,177.9219565880827,1307.14030670634,1067.5317395284962,-0.7069280661475634,0.06202524911938041,0.06477461193302227,False
1752495155.200569,177.84505111772333,1308.096131837949,1067.07030670634,-0.11662944499740877,0.03349720741250075,0.0366249478645529,False
1752495155.2116723,178.00435530632487,1309.9418631265735,1068.0261318379492,0.2424081207826917,0.013501005034422389,0.015813399317435438,False
1752495155.2225251,178.31197718776227,1312.941176470588,1069.8718631265735,0.4996068633330129,-0.003307139044120097,-0.0013950852079645457,False
1752495155.233687,178.811862745098,1317.0611123826964,1072.8711764705881,0.7738175006669198,-0.023434789118059816,-0.02123081872705029,False
1752495155.2445486,179.4985187304494,1322.235751888304,1076.9911123826964,1.113440014609339,-0.049232431596574464,-0.04643227030962205,False
1752495155.2554698,180.36095864805068,1326.6852826733807,1082.1657518883042,1.37622690618363,-0.0734464784870401,-0.0707450576692983,False
1752495155.2668333,181.10254711223013,1329.5197985809111,1086.6152826733808,1.1640945516521108,-0.07236194791682106,-0.07220025889206878,False
1752495155.2779703,181.57496643015187,1330.3437857633326,1089.4497985809112,0.7200478799925402,0.0,-0.00722002588920688,True
1752495155.289306,181.7122976272221,1329.783474479286,1090.2737857633326,0.21410392699190958,0.0,-0.0007220025889206876,True
1752495155.3004036,181.61891241321436,1328.2343785763333,1089.713474479286,-0.14603853638023817,0.0,-7.220025889206872e-05,True
1752495155.3117125,181.36072976272223,1326.7512016479745,1088.1643785763333,-0.3967610587955891,0.0,-7.220025889206864e-06,True
1752495155.323025,181.11353360799578,1325.3339436942092,1086.6812016479746,-0.39099954204597087,0.0,-7.220025889206864e-07,True
1752495155.3340902,180.8773239490349,1324.6088349736783,1085.2639436942093,-0.36246153133949166,0.0,-7.220025889206864e-08,True
1752495155.3448145,180.75647249561305,1324.4769970244909,1084.5388349736784,-0.19604795250804063,0.0,-7.220025889206856e-09,True
1752495155.3556352,180.7344995040818,1324.6417944609752,1084.406997024491,-0.03551130304452695,0.0,-7.220025889206856e-10,True
1752495155.3668666,180.7619657434959,1324.6088349736783,1084.5717944609753,0.04412222906259629,0.0,-7.220025889206854e-11,True
1752495155.377856,180.75647249561305,1324.6088349736783,1084.5388349736784,-0.008424922915455787,0.0,-7.220025889206851e-12,True
1752495155.388889,180.75647249561305,1324.6088349736783,1084.5388349736784,0.0,0.0,-7.22002588920685e-13,True
1752495155.400001,180.75647249561305,1324.6088349736783,1084.5388349736784,0.0,0.0,-7.220025889206848e-14,True
1752495155.410943,180.75647249561305,1324.6088349736783,1084.5388349736784,0.0,0.0,-7.220025889206848e-15,True
1752495155.4221342,180.75647249561305,1324.6088349736783,1084.5388349736784,0.0,0.0,-7.220025889206843e-16,True
1752495155.4330735,180.75647249561305,1324.6088349736783,1084.5388349736784,0.0,0.0,-7.220025889206845e-17,True
1752495155.444167,180.75647249561305,1324.6417944609752,1084.5388349736784,0.0,0.0,-7.22002588920684e-18,True
1752495155.4552257,180.7619657434959,1324.6417944609752,1084.5717944609753,0.00867519514340985,0.0,-7.22002588920684e-19,True
1752495155.4666257,180.7619657434959,1324.6417944609752,1084.5717944609753,0.0,0.0,-7.22002588920684e-20,True
1752495155.4777896,180.7619657434959,1324.6417944609752,1084.5717944609753,0.0,0.0,-7.220025889206842e-21,True
1752495155.4890916,180.7619657434959,1324.6417944609752,1084.5717944609753,0.0,0.0,-7.220025889206838e-22,True
1752495155.5000174,180.7619657434959,1324.6417944609752,1084.5717944609753,0.0,0.0,-7.22002588920684e-23,True
1752495155.51122,180.7619657434959,1324.6417944609752,1084.5717944609753,0.0,0.0,-7.220025889206837e-24,True
1752495155.5222473,180.7619657434959,1324.6417944609752,1084.5717944609753,0.0,0.0,-7.220025889206834e-25,True
1752495155.533218,180.7619657434959,1324.6417944609752,1084.5717944609753,0.0,0.0,-7.220025889206829e-26,True
1752495155.5440898,180.7619657434959,1324.674753948272,1084.5717944609753,0.0,0.0,-7.220025889206831e-27,True
1752495155.5552256,180.76745899137867,1324.674753948272,1084.604753948272,0.00865819777530186,0.0,-7.2200258892068225e-28,True
1752495155.5661738,180.76745899137867,1324.674753948272,1084.604753948272,0.0,0.0,-7.220025889206821e-29,True
1752495155.5777235,180.76745899137867,1324.674753948272,1084.604753948272,0.0,0.0,-7.220025889206818e-30,True
1752495155.5889099,180.76745899137867,1324.674753948272,1084.604753948272,0.0,0.0,-7.220025889206813e-31,True
1752495155.6005151,180.76745899137867,1324.674753948272,1084.604753948272,0.0,0.0,-7.220025889206808e-32,True
1752495155.6116776,180.76745899137867,1324.674753948272,1084.604753948272,0.0,0.0,-7.220025889206801e-33,True
1752495155.6230743,180.76745899137867,1324.674753948272,1084.604753948272,0.0,0.0,-7.220025889206796e-34,True
1752495155.634254,180.76745899137867,1324.674753948272,1084.604753948272,0.0,0.0,-7.220025889206794e-35,True
1752495155.645651,180.76745899137867,1324.674753948272,1084.604753948272,0.0,0.0,-7.220025889206792e-36,True
1752495155.6570213,180.76745899137867,1324.674753948272,1084.604753948272,0.0,0.0,-7.220025889206786e-37,True
1752495155.6681116,180.76745899137867,1324.674753948272,1084.604753948272,0.0,0.0,-7.220025889206788e-38,True
1752495155.6794107,180.76745899137867,1324.674753948272,1084.604753948272,0.0,0.0,-7.22002588920679e-39,True
1752495155.6906385,180.76745899137867,1324.674753948272,1084.604753948272,0.0,0.0,-7.22002588920679e-40,True
1752495155.7023907,180.76745899137867,1324.674753948272,1084.604753948272,0.0,0.0,-7.220025889206787e-41,True
1752495155.7138016,180.76745899137867,1324.674753948272,1084.604753948272,0.0,0.0,-7.220025889206785e-42,True
1752495155.7250726,180.76745899137867,1324.674753948272,1084.604753948272,0.0,0.0,-7.22002588920678e-43,True
1752495155.7366672,180.76745899137867,1324.674753948272,1084.604753948272,0.0,0.0,-7.220025889206781e-44,True
1752495155.7478976,180.76745899137867,1324.674753948272,1084.604753948272,0.0,0.0,-7.220025889206777e-45,True
1752495155.7586613,180.76745899137867,1324.674753948272,1084.604753948272,0.0,0.0,-7.22002588920678e-46,True
1752495155.7695904,180.76745899137867,1324.674753948272,1084.604753948272,0.0,0.0,-7.220025889206775e-47,True
1752495155.780731,180.76745899137867,1324.674753948272,1084.604753948272,0.0,0.0,-7.220025889206769e-48,True
1752495155.7917714,180.76745899137867,1324.674753948272,1084.604753948272,0.0,0.0,-7.220025889206762e-49,True
1752495155.8027112,180.76745899137867,1324.674753948272,1084.604753948272,0.0,0.0,-7.2200258892067575e-50,True
1752495155.8136904,180.76745899137867,1324.674753948272,1084.604753948272,0.0,0.0,-7.220025889206757e-51,True
1752495155.8246524,180.76745899137867,1324.674753948272,1084.604753948272,0.0,0.0,-7.22002588920676e-52,True
1752495155.8359566,180.76745899137867,1324.674753948272,1084.604753948272,0.0,0.0,-7.220025889206755e-53,True
1752495155.8473063,180.76745899137867,1324.674753948272,1084.604753948272,0.0,0.0,-7.220025889206755e-54,True
1752495155.8580089,180.76745899137867,1324.674753948272,1084.604753948272,0.0,0.0,-7.220025889206753e-55,True
1752495155.869276,180.76745899137867,1324.674753948272,1084.604753948272,0.0,0.0,-7.220025889206753e-56,True
1752495155.8803463,180.76745899137867,1324.674753948272,1084.604753948272,0.0,0.0,-7.220025889206753e-57,True
1752495155.8915274,180.76745899137867,1324.674753948272,1084.604753948272,0.0,0.0,-7.220025889206755e-58,True
1752495155.9023802,180.76745899137867,1324.674753948272,1084.604753948272,0.0,0.0,-7.220025889206755e-59,True
1752495155.9135044,180.76745899137867,1324.674753948272,1084.604753948272,0.0,0.0,-7.22002588920675e-60,True
1752495155.924534,180.76745899137867,1324.674753948272,1084.604753948272,0.0,0.0,-7.220025889206748e-61,True
1752495155.9359405,180.76745899137867,1324.674753948272,1084.604753948272,0.0,0.0,-7.2200258892067395e-62,True
1752495155.9469852,180.76745899137867,1324.674753948272,1084.604753948272,0.0,0.0,-7.22002588920674e-63,True
1752495155.9580376,180.76745899137867,1324.674753948272,1084.604753948272,0.0,0.0,-7.22002588920674e-64,True
1752495155.9691927,180.76745899137867,1324.674753948272,1084.604753948272,0.0,0.0,-7.220025889206734e-65,True
1752495155.980424,180.76745899137867,1324.674753948272,1084.604753948272,0.0,0.0,-7.220025889206729e-66,True
1752495155.9913008,180.76745899137867,1324.674753948272,1084.604753948272,0.0,0.0,-7.220025889206727e-67,True
1752495156.0022347,180.76745899137867,1324.674753948272,1084.604753948272,0.0,0.0,-7.220025889206727e-68,True
1752495156.0131898,180.76745899137867,1324.674753948272,1084.604753948272,0.0,0.0,-7.220025889206729e-69,True
1752495156.0243142,180.76745899137867,1324.674753948272,1084.604753948272,0.0,0.0,-7.220025889206729e-70,True
1752495156.0352826,180.76745899137867,1324.674753948272,1084.604753948272,0.0,0.0,-7.220025889206731e-71,True
1752495156.0463917,180.76745899137867,1324.674753948272,1084.604753948272,0.0,0.0,-7.220025889206733e-72,True
1752495156.0575962,180.76745899137867,1324.674753948272,1084.604753948272,0.0,0.0,-7.220025889206733e-73,True
1752495156.0687296,180.76745899137867,1324.674753948272,1084.604753948272,0.0,0.0,-7.220025889206728e-74,True
1752495156.0799108,180.76745899137867,1324.674753948272,1084.604753948272,0.0,0.0,-7.220025889206729e-75,True
1752495156.0912645,180.76745899137867,1324.674753948272,1084.604753948272,0.0,0.0,-7.220025889206731e-76,True
1752495156.1024163,180.76745899137867,1324.674753948272,1084.604753948272,0.0,0.0,-7.220025889206731e-77,True
1752495156.1133754,180.76745899137867,1324.674753948272,1084.604753948272,0.0,0.0,-7.220025889206731e-78,True
1752495156.124258,180.76745899137867,1324.674753948272,1084.604753948272,0.0,0.0,-7.220025889206726e-79,True
1752495156.1354291,180.76745899137867,1324.674753948272,1084.604753948272,0.0,0.0,-7.220025889206728e-80,True
1752495156.1467788,180.76745899137867,1324.674753948272,1084.604753948272,0.0,0.0,-7.220025889206728e-81,True
1752495156.1577194,180.76745899137867,1324.674753948272,1084.604753948272,0.0,0.0,-7.220025889206722e-82,True
1752495156.1686552,180.76745899137867,1324.674753948272,1084.604753948272,0.0,0.0,-7.220025889206722e-83,True
1752495156.179803,180.76745899137867,1324.674753948272,1084.604753948272,0.0,0.0,-7.220025889206718e-84,True
1752495156.1906796,180.76745899137867,1324.674753948272,1084.604753948272,0.0,0.0,-7.220025889206716e-85,True
1752495156.2016785,180.76745899137867,1324.674753948272,1084.604753948272,0.0,0.0,-7.220025889206716e-86,True
1752495156.2127972,180.76745899137867,1324.674753948272,1084.604753948272,0.0,0.0,-7.220025889206716e-87,True
1752495156.223732,180.76745899137867,1324.674753948272,1084.604753948272,0.0,0.0,-7.220025889206713e-88,True
1752495156.2349043,180.76745899137867,1324.674753948272,1084.604753948272,0.0,0.0,-7.220025889206708e-89,True
1752495156.246446,180.76745899137867,1324.674753948272,1084.604753948272,0.0,0.0,-7.220025889206705e-90,True
1752495156.257646,180.76745899137867,1324.674753948272,1084.604753948272,0.0,0.0,-7.220025889206704e-91,True
1752495156.2690115,180.76745899137867,1324.674753948272,1084.604753948272,0.0,0.0,-7.220025889206699e-92,True
1752495156.2798135,180.76745899137867,1324.674753948272,1084.604753948272,0.0,0.0,-7.220025889206691e-93,True
1752495156.2910357,180.76745899137867,1324.674753948272,1084.604753948272,0.0,0.0,-7.220025889206689e-94,True
1752495156.3022237,180.76745899137867,1324.674753948272,1084.604753948272,0.0,0.0,-7.220025889206691e-95,True
1752495156.3135774,180.76745899137867,1324.674753948272,1084.604753948272,0.0,0.0,-7.2200258892066835e-96,True
1752495156.3245215,180.76745899137867,1324.674753948272,1084.604753948272,0.0,0.0,-7.220025889206683e-97,True
1752495156.335673,180.76745899137867,1324.674753948272,1084.604753948272,0.0,0.0,-7.220025889206679e-98,True
1752495156.346972,180.76745899137867,1324.674753948272,1084.604753948272,0.0,0.0,-7.220025889206682e-99,True
1752495156.357955,180.76745899137867,1324.674753948272,1084.604753948272,0.0,0.0,-7.220025889206682e-100,True
1752495156.3690884,180.76745899137867,1324.674753948272,1084.604753948272,0.0,0.0,-7.220025889206676e-101,True
1752495156.37995,180.76745899137867,1324.674753948272,1084.604753948272,0.0,0.0,-7.220025889206676e-102,True
1752495156.3910868,180.76745899137867,1324.674753948272,1084.604753948272,0.0,0.0,-7.220025889206676e-103,True
1752495156.4019244,180.76745899137867,1324.674753948272,1084.604753948272,0.0,0.0,-7.220025889206676e-104,True
1752495156.413235,180.76745899137867,1324.674753948272,1084.604753948272,0.0,0.0,-7.220025889206673e-105,True
1752495156.4244757,180.76745899137867,1324.674753948272,1084.604753948272,0.0,0.0,-7.220025889206675e-106,True
1752495156.4355109,180.76745899137867,1324.674753948272,1084.604753948272,0.0,0.0,-7.220025889206671e-107,True
1752495156.4467256,180.76745899137867,1324.674753948272,1084.604753948272,0.0,0.0,-7.220025889206671e-108,True
1752495156.457863,180.76745899137867,1324.674753948272,1084.604753948272,0.0,0.0,-7.220025889206668e-109,True
1752495156.4689534,180.76745899137867,1324.674753948272,1084.604753948272,0.0,0.0,-7.220025889206664e-110,True
1752495156.4803555,180.76745899137867,1324.674753948272,1084.604753948272,0.0,0.0,-7.220025889206664e-111,True
1752495156.4913323,180.76745899137867,1324.674753948272,1084.604753948272,0.0,0.0,-7.220025889206661e-112,True
1752495156.5023692,180.76745899137867,1324.674753948272,1084.604753948272,0.0,0.0,-7.220025889206656e-113,True
1752495156.5133939,180.76745899137867,1324.674753948272,1084.604753948272,0.0,0.0,-7.220025889206653e-114,True
1752495156.5242455,180.76745899137867,1324.674753948272,1084.604753948272,0.0,0.0,-7.220025889206648e-115,True
1752495156.5353475,180.76745899137867,1324.674753948272,1084.604753948272,0.0,0.0,-7.220025889206644e-116,True
1752495156.5463772,180.76745899137867,1324.674753948272,1084.604753948272,0.0,0.0,-7.22002588920664e-117,True
1752495156.5573812,180.76745899137867,1324.674753948272,1084.604753948272,0.0,0.0,-7.2200258892066395e-118,True
1752495156.56833,180.76745899137867,1324.674753948272,1084.604753948272,0.0,0.0,-7.220025889206634e-119,True
1752495156.5795999,180.76745899137867,1324.674753948272,1084.604753948272,0.0,0.0,-7.220025889206628e-120,True
1752495156.5904596,180.76745899137867,1324.674753948272,1084.604753948272,0.0,0.0,-7.220025889206628e-121,True
1752495156.601386,180.76745899137867,1324.674753948272,1084.604753948272,0.0,0.0,-7.220025889206628e-122,True
1752495156.6128047,180.76745899137867,1324.674753948272,1084.604753948272,0.0,0.0,-7.220025889206621e-123,True
1752495156.624036,180.76745899137867,1324.674753948272,1084.604753948272,0.0,0.0,-7.220025889206624e-124,True
1752495156.6355987,180.76745899137867,1324.674753948272,1084.604753948272,0.0,0.0,-7.220025889206619e-125,True
1752495156.6464593,180.76745899137867,1324.674753948272,1084.604753948272,0.0,0.0,-7.220025889206617e-126,True
1752495156.6575747,180.76745899137867,1324.674753948272,1084.604753948272,0.0,0.0,-7.220025889206614e-127,True
1752495156.6685357,180.76745899137867,1324.674753948272,1084.604753948272,0.0,0.0,-7.220025889206612e-128,True
1752495156.6794693,180.76745899137867,1324.674753948272,1084.604753948272,0.0,0.0,-7.220025889206606e-129,True
1752495156.690273,180.76745899137867,1324.674753948272,1084.604753948272,0.0,0.0,-7.220025889206601e-130,True
1752495156.7014802,180.76745899137867,1324.674753948272,1084.604753948272,0.0,0.0,-7.220025889206596e-131,True
1752495156.7125263,180.76745899137867,1324.674753948272,1084.604753948272,0.0,0.0,-7.220025889206596e-132,True
1752495156.7232118,180.76745899137867,1324.674753948272,1084.604753948272,0.0,0.0,-7.220025889206591e-133,True
1752495156.734257,180.76745899137867,1324.674753948272,1084.604753948272,0.0,0.0,-7.220025889206591e-134,True
1752495156.7453597,180.76745899137867,1324.674753948272,1084.604753948272,0.0,0.0,-7.22002588920659e-135,True
1752495156.7564402,180.76745899137867,1324.674753948272,1084.604753948272,0.0,0.0,-7.22002588920659e-136,True
1752495156.7672184,180.76745899137867,1324.674753948272,1084.604753948272,0.0,0.0,-7.220025889206585e-137,True
1752495156.7782285,180.76745899137867,1324.674753948272,1084.604753948272,0.0,0.0,-7.220025889206581e-138,True
1752495156.7896292,180.76745899137867,1324.674753948272,1084.604753948272,0.0,0.0,-7.220025889206583e-139,True
1752495156.8005211,180.76745899137867,1324.674753948272,1084.604753948272,0.0,0.0,-7.220025889206585e-140,True
1752495156.8114457,180.76745899137867,1324.674753948272,1084.604753948272,0.0,0.0,-7.220025889206583e-141,True
1752495156.8223534,180.76745899137867,1324.674753948272,1084.604753948272,0.0,0.0,-7.22002588920658e-142,True
1752495156.8339386,180.76745899137867,1324.674753948272,1084.604753948272,0.0,0.0,-7.220025889206579e-143,True
1752495156.8451235,180.76745899137867,1324.674753948272,1084.604753948272,0.0,0.0,-7.220025889206579e-144,True
1752495156.8559213,180.76745899137867,1324.674753948272,1084.604753948272,0.0,0.0,-7.220025889206577e-145,True
1752495156.8668346,180.76745899137867,1324.674753948272,1084.604753948272,0.0,0.0,-7.220025889206574e-146,True
1752495156.8779764,180.76745899137867,1324.674753948272,1084.604753948272,0.0,0.0,-7.220025889206569e-147,True
1752495156.8891113,180.76745899137867,1324.674753948272,1084.604753948272,0.0,0.0,-7.220025889206571e-148,True
1752495156.9000769,180.76745899137867,1324.674753948272,1084.604753948272,0.0,0.0,-7.220025889206568e-149,True
1752495156.9112227,180.76745899137867,1324.674753948272,1084.604753948272,0.0,0.0,-7.220025889206566e-150,True
1752495156.922232,180.76745899137867,1324.674753948272,1084.604753948272,0.0,0.0,-7.22002588920656e-151,True
1752495156.9331717,180.76745899137867,1324.674753948272,1084.604753948272,0.0,0.0,-7.22002588920656e-152,True
1752495156.94435,180.76745899137867,1324.674753948272,1084.604753948272,0.0,0.0,-7.220025889206558e-153,True
1752495156.955508,180.76745899137867,1324.674753948272,1084.604753948272,0.0,0.0,-7.220025889206556e-154,True
1752495156.966635,180.76745899137867,1324.674753948272,1084.604753948272,0.0,0.0,-7.220025889206548e-155,True
1752495156.97779,180.76745899137867,1324.674753948272,1084.604753948272,0.0,0.0,-7.220025889206548e-156,True
1752495156.9887872,180.76745899137867,1324.674753948272,1084.604753948272,0.0,0.0,-7.22002588920655e-157,True
1752495156.9995031,180.76745899137867,1324.674753948272,1084.604753948272,0.0,0.0,-7.220025889206548e-158,True
1752495157.0107336,180.76745899137867,1324.674753948272,1084.604753948272,0.0,0.0,-7.220025889206548e-159,True
1752495157.0217175,180.76745899137867,1324.674753948272,1084.604753948272,0.0,0.0,-7.220025889206542e-160,True
1752495157.0326073,180.76745899137867,1324.674753948272,1084.604753948272,0.0,0.0,-7.220025889206542e-161,True
1752495157.0436165,180.76745899137867,1324.674753948272,1084.604753948272,0.0,0.0,-7.22002588920654e-162,True
1752495157.055138,180.76745899137867,1324.674753948272,1084.604753948272,0.0,0.0,-7.22002588920654e-163,True
1752495157.0661495,180.76745899137867,1324.674753948272,1084.604753948272,0.0,0.0,-7.220025889206533e-164,True
1752495157.0773098,180.76745899137867,1324.674753948272,1084.604753948272,0.0,0.0,-7.220025889206531e-165,True
1752495157.0889387,180.76745899137867,1324.674753948272,1084.604753948272,0.0,0.0,-7.220025889206527e-166,True
1752495157.1002038,180.76745899137867,1324.674753948272,1084.604753948272,0.0,0.0,-7.220025889206522e-167,True
1752495157.1112926,180.76745899137867,1324.674753948272,1084.604753948272,0.0,0.0,-7.220025889206518e-168,True
1752495157.1221995,180.76745899137867,1324.674753948272,1084.604753948272,0.0,0.0,-7.22002588920652e-169,True
1752495157.1329787,180.76745899137867,1324.674753948272,1084.604753948272,0.0,0.0,-7.220025889206517e-170,True
1752495157.1437807,180.76745899137867,1324.674753948272,1084.604753948272,0.0,0.0,-7.2200258892065145e-171,True
1752495157.1549697,180.76745899137867,1324.674753948272,1084.604753948272,0.0,0.0,-7.220025889206515e-172,True
1752495157.1665852,180.76745899137867,1324.674753948272,1084.604753948272,0.0,0.0,-7.220025889206512e-173,True
1752495157.177735,180.76745899137867,1324.674753948272,1084.604753948272,0.0,0.0,-7.220025889206515e-174,True
1752495157.1891587,180.76745899137867,1324.674753948272,1084.604753948272,0.0,0.0,-7.220025889206511e-175,True
1752495157.2001925,180.76745899137867,1324.674753948272,1084.604753948272,0.0,0.0,-7.220025889206505e-176,True
1752495157.2112315,180.76745899137867,1324.674753948272,1084.604753948272,0.0,0.0,-7.220025889206502e-177,True
1752495157.2222323,180.76745899137867,1324.674753948272,1084.604753948272,0.0,0.0,-7.220025889206504e-178,True
1752495157.233396,180.76745899137867,1324.674753948272,1084.604753948272,0.0,0.0,-7.220025889206502e-179,True
1752495157.2443962,180.76745899137867,1324.674753948272,1084.604753948272,0.0,0.0,-7.220025889206504e-180,True
1752495157.2556417,180.76745899137867,1324.674753948272,1084.604753948272,0.0,0.0,-7.220025889206506e-181,True
1752495157.2666667,180.76745899137867,1324.674753948272,1084.604753948272,0.0,0.0,-7.220025889206504e-182,True
1752495157.2774658,180.76745899137867,1324.674753948272,1084.604753948272,0.0,0.0,-7.220025889206496e-183,True
1752495157.2889724,180.76745899137867,1324.674753948272,1084.604753948272,0.0,0.0,-7.220025889206494e-184,True
1752495157.300697,180.76745899137867,1324.674753948272,1084.604753948272,0.0,0.0,-7.220025889206492e-185,True
1752495157.3117943,180.76745899137867,1324.674753948272,1084.604753948272,0.0,0.0,-7.220025889206484e-186,True
1752495157.3225553,180.76745899137867,1324.674753948272,1084.604753948272,0.0,0.0,-7.220025889206479e-187,True
1752495157.3338103,180.76745899137867,1324.674753948272,1084.604753948272,0.0,0.0,-7.220025889206477e-188,True
1752495157.344795,180.76745899137867,1324.674753948272,1084.604753948272,0.0,0.0,-7.22002588920648e-189,True
1752495157.3558269,180.76745899137867,1324.674753948272,1084.604753948272,0.0,0.0,-7.220025889206475e-190,True
1752495157.3671167,180.76745899137867,1324.674753948272,1084.604753948272,0.0,0.0,-7.220025889206469e-191,True
1752495157.3777864,180.76745899137867,1324.674753948272,1084.604753948272,0.0,0.0,-7.220025889206472e-192,True
1752495157.3890061,180.76745899137867,1324.674753948272,1084.604753948272,0.0,0.0,-7.220025889206467e-193,True
1752495157.4003062,180.76745899137867,1324.674753948272,1084.604753948272,0.0,0.0,-7.220025889206463e-194,True
1752495157.4115007,180.76745899137867,1324.674753948272,1084.604753948272,0.0,0.0,-7.220025889206465e-195,True
1752495157.4225557,180.76745899137867,1324.674753948272,1084.604753948272,0.0,0.0,-7.220025889206464e-196,True
1752495157.4336312,180.76745899137867,1324.674753948272,1084.604753948272,0.0,0.0,-7.220025889206466e-197,True
1752495157.4448824,180.76745899137867,1324.674753948272,1084.604753948272,0.0,0.0,-7.220025889206461e-198,True
1752495157.4557383,180.76745899137867,1324.674753948272,1084.604753948272,0.0,0.0,-7.2200258892064625e-199,True
1752495157.4671412,180.76745899137867,1324.674753948272,1084.604753948272,0.0,0.0,-7.220025889206463e-200,True
1752495157.4781792,180.76745899137867,1324.674753948272,1084.604753948272,0.0,0.0,-7.220025889206465e-201,True
1752495157.489261,180.76745899137867,1324.674753948272,1084.604753948272,0.0,0.0,-7.220025889206462e-202,True
1752495157.5005074,180.76745899137867,1324.674753948272,1084.604753948272,0.0,0.0,-7.22002588920646e-203,True
1752495157.511455,180.76745899137867,1324.674753948272,1084.604753948272,0.0,0.0,-7.220025889206462e-204,True
1752495157.5226867,180.76745899137867,1324.674753948272,1084.604753948272,0.0,0.0,-7.220025889206462e-205,True
1752495157.5340812,180.76745899137867,1324.674753948272,1084.604753948272,0.0,0.0,-7.220025889206459e-206,True
1752495157.5449207,180.76745899137867,1324.674753948272,1084.604753948272,0.0,0.0,-7.220025889206459e-207,True
1752495157.556063,180.76745899137867,1324.674753948272,1084.604753948272,0.0,0.0,-7.220025889206459e-208,True
1752495157.5672684,180.76745899137867,1324.674753948272,1084.604753948272,0.0,0.0,-7.220025889206454e-209,True
1752495157.5784035,180.76745899137867,1324.674753948272,1084.604753948272,0.0,0.0,-7.220025889206452e-210,True
1752495157.5895977,180.76745899137867,1324.674753948272,1084.604753948272,0.0,0.0,-7.2200258892064515e-211,True
1752495157.600676,180.76745899137867,1324.674753948272,1084.604753948272,0.0,0.0,-7.22002588920645e-212,True
1752495157.6117291,180.76745899137867,1324.674753948272,1084.604753948272,0.0,0.0,-7.220025889206452e-213,True
1752495157.6230357,180.76745899137867,1324.674753948272,1084.604753948272,0.0,0.0,-7.220025889206447e-214,True
1752495157.633879,180.76745899137867,1324.674753948272,1084.604753948272,0.0,0.0,-7.220025889206448e-215,True
1752495157.6446908,180.76745899137867,1324.674753948272,1084.604753948272,0.0,0.0,-7.22002588920645e-216,True
1752495157.6557708,180.76745899137867,1324.674753948272,1084.604753948272,0.0,0.0,-7.220025889206445e-217,True
1752495157.667297,180.76745899137867,1324.674753948272,1084.604753948272,0.0,0.0,-7.22002588920644e-218,True
1752495157.6783686,180.76745899137867,1324.674753948272,1084.604753948272,0.0,0.0,-7.220025889206442e-219,True
1752495157.6891916,180.76745899137867,1324.674753948272,1084.604753948272,0.0,0.0,-7.220025889206445e-220,True
1752495157.700436,180.76745899137867,1324.674753948272,1084.604753948272,0.0,0.0,-7.220025889206446e-221,True
1752495157.7115264,180.76745899137867,1324.674753948272,1084.604753948272,0.0,0.0,-7.22002588920644e-222,True
1752495157.72272,180.76745899137867,1324.674753948272,1084.604753948272,0.0,0.0,-7.22002588920644e-223,True
1752495157.7339883,180.76745899137867,1324.674753948272,1084.604753948272,0.0,0.0,-7.220025889206439e-224,True
1752495157.744874,180.76745899137867,1324.674753948272,1084.604753948272,0.0,0.0,-7.220025889206441e-225,True
